{
	"version": "0.3.18", 
	"suite": "unknown_suite", 
	"function_id": 1121, 
	"function_name": "huge_photovoltaic", 
	"maximization": false, 
	"algorithm": {"name": "best_alg0_HSBO", "info": "algorithm_info"},
	"attributes": ["evaluations", "raw_y"],
	"scenarios": [
		{"dimension": 32,
		"path": "data_f1121_huge_photovoltaic/IOHprofiler_f1121_DIM32.dat",
		"runs": [
			{"instance": 1, "evals": 16000, "best": {"evals": 15334, "y": 0.14795297969132848, "x": [250, 159.92890331126773, 185.6340613268555, 160.1506669235636, 197.69612537980035, 178.41977502285192, 30, 180.29753109963627, 81.43779728992779, 30.238719007799745, 47.969045025039705, 52.35933535844842, 179.68570214508117, 127.69728231976353, 158.09319076708425, 140.96492828185055, 220.90566945780054, 30, 38.812178337871984, 201.48421624781227, 30, 203.42514251593954, 30, 187.40704095374247, 199.1712428923471, 158.7563180685457, 210.19813781783034, 250, 187.28233351512156, 142.11367345305914, 99.73423296845715, 71.376006456176]}},
			{"instance": 1, "evals": 16000, "best": {"evals": 15951, "y": 0.10978912222910509, "x": [84.59195882883104, 98.67573611521951, 164.02759456799134, 128.97249305512335, 160.83034053099442, 138.82358539651517, 184.99952869312773, 152.80577699588804, 213.52375902875406, 30, 204.58287133395342, 168.80275083070288, 40.01486979239728, 55.93800515065651, 30.385495318109747, 46.23596888752179, 210.76761054821225, 30, 187.92688044123489, 128.9309996903264, 155.15298777848272, 147.64102168526978, 31.02612243953195, 154.72280034073512, 160.36041797784588, 152.1304766567913, 31.076998090488736, 151.8739950859973, 139.4040709386244, 134.38261635927284, 91.43803568244515, 73.12678706309211]}},
			{"instance": 1, "evals": 16000, "best": {"evals": 15919, "y": 0.14464234026440737, "x": [87.20064138308894, 98.85176803148474, 173.47425975821832, 162.912738092297, 30, 164.42287896375908, 177.68693831720356, 148.47651565897334, 213.945953335897, 38.341043474493816, 30, 196.25624145094153, 190.38735329323066, 141.86942886918825, 180.93382882574346, 155.2643621516542, 199.46543976757567, 153.42840650259808, 172.35012353194873, 132.37468394678038, 173.2505125256539, 151.74969091981237, 206.41398538586054, 161.43428953070645, 171.07121225994229, 137.33115957668562, 195.7561929794579, 250, 223.50210928925898, 250, 140.22079897645773, 71.73299187993895]}},
			{"instance": 1, "evals": 16000, "best": {"evals": 15375, "y": 0.14212093032068285, "x": [250, 155.99039567536656, 186.86559952742894, 250, 30, 184.85180040272965, 174.62648685616273, 123.44586617447573, 150.4201066408926, 127.21925910021416, 184.4594759034868, 250, 172.83820880693582, 135.5484352143948, 194.736115662589, 30, 202.83099808544014, 233.01984292715568, 30, 30, 171.7095321039528, 143.25815193811846, 177.96708925586918, 151.90111867293234, 177.6501967972954, 136.09812777328048, 156.44321096335543, 127.39265461460039, 135.20682944063103, 133.0795961062023, 91.71795853947962, 73.03228867872168]}},
			{"instance": 1, "evals": 16000, "best": {"evals": 15543, "y": 0.11313594544653827, "x": [82.48070967965502, 104.49051912539866, 196.23995647573378, 30, 189.19959769137745, 138.75552170210557, 190.30871190788196, 37.924561647008574, 30, 178.47935754698582, 176.86805221620335, 160.54974831615655, 31.026336976698133, 168.12391330892873, 52.513493619674094, 30, 30, 121.75310685405742, 199.99455503663452, 30, 216.00569588699548, 250, 174.68630601569268, 134.33367572689482, 182.99950651881437, 30, 187.37659584784606, 128.41211859939457, 130.0255195597731, 131.66631493972795, 93.6601372718691, 72.25400230074551]}},
			{"instance": 1, "evals": 16000, "best": {"evals": 15978, "y": 0.11251449326062302, "x": [97.3100863865171, 193.56302766770014, 30, 39.20850495730882, 203.55419574834792, 156.5515394563521, 192.54149109977163, 155.30521153578087, 211.6344685161579, 30, 215.24897759891866, 63.28439729818393, 30, 30, 135.13700943407545, 140.09981449500594, 192.71179924541752, 59.72911157985664, 38.452894376982925, 51.36941240912645, 47.22619985013805, 177.98193135925945, 198.23362599610002, 143.65707352060656, 164.84144349021204, 120.94317780652737, 154.86949150678822, 123.7634645513546, 140.55272152317235, 126.93497832575835, 99.09228884327791, 70.98386396782165]}},
			{"instance": 1, "evals": 16000, "best": {"evals": 15994, "y": 0.17478666954859734, "x": [95.7590826963186, 188.754190083893, 30, 40.29240886616372, 194.65633596484201, 172.706292838612, 30, 171.33640407167917, 182.98002889807404, 152.49668005025748, 193.50862519636007, 175.16835997767828, 49.4902264855206, 45.60671525197901, 35.42560254978241, 250, 193.4439348581304, 169.16504660153228, 30, 192.26009246778912, 30, 189.4828180670798, 30, 167.14439226661267, 195.85418348933513, 30, 189.9794379866377, 120.84970374390203, 157.8878399685876, 111.36210483956457, 158.87519226540692, 244.36783543258176]}},
			{"instance": 1, "evals": 16000, "best": {"evals": 15938, "y": 0.14525901031445132, "x": [108.45482635939292, 186.28761805877792, 202.9400338177707, 177.84024755435715, 30.441039453629138, 203.66877011992398, 30, 187.78772486102008, 215.2115118381097, 172.44677672763956, 196.0978804927103, 170.2961842057539, 242.22647684018835, 51.5208141682764, 30, 60.18923506272117, 239.1878662300671, 38.68976768038772, 40.71277751597848, 188.64446010303007, 217.66108238684495, 52.798206328839605, 31.776468564622213, 192.03152473270382, 209.26218288787652, 30, 189.7760293024365, 131.13761584103497, 191.01411087554857, 250, 128.06051539476528, 71.60875122909242]}},
			{"instance": 1, "evals": 16000, "best": {"evals": 15704, "y": 0.12133258675582992, "x": [101.12220503170575, 166.00601017264347, 197.2931401516963, 149.46273934784497, 193.47598817231608, 250, 194.03229066229588, 178.72623512180235, 30, 188.6380276809418, 30, 172.24103665871252, 188.839175932938, 174.8756164804931, 56.829337873427136, 30.58210805416221, 56.79056762880153, 172.6017351628901, 191.90054942501536, 161.26874662455597, 201.5292809622553, 170.0389363336067, 30, 169.95790950462106, 172.82914167477094, 161.28153555420587, 30, 150.24261843069567, 149.206000049088, 132.9512058777841, 92.03334366709787, 72.55121731826472]}},
			{"instance": 1, "evals": 16000, "best": {"evals": 15869, "y": 0.10901213249210051, "x": [83.75387355579723, 110.37180764771992, 172.9136087982119, 151.67339406018831, 190.5023132423491, 148.63609201042902, 162.32200021790385, 133.31850769746995, 152.6819285243011, 123.29000520468682, 163.15824236667854, 161.27927067971115, 30, 187.75376298285042, 42.0072724476056, 30, 219.890637943216, 142.2318393743127, 192.04436616507567, 30, 187.68575490282947, 121.08596804560632, 155.70199528422256, 149.82029629247847, 30, 150.15238552463154, 154.05450150526553, 124.20550027042592, 128.17881393694447, 132.92012802683195, 96.5351583340876, 69.13173836050231]}},
			{"instance": 1, "evals": 16000, "best": {"evals": 15927, "y": 0.11935198008541337, "x": [100.68727164845583, 163.076521211334, 200.94605372823577, 159.33098201227037, 192.63504678087523, 156.5060645677939, 187.73819809952082, 153.88877577831826, 195.1497730327223, 161.68716522334472, 192.4397870214592, 156.48007079333593, 216.74349736228135, 35.91921669309708, 36.93035671474722, 187.4919853137665, 194.1141650883663, 171.85101246612496, 30, 184.39893085260812, 191.66027778800236, 176.4399526229196, 30, 169.367086563763, 181.92917252462732, 63.81138331648224, 30, 30, 120.58172498755732, 139.47534995111508, 96.30223875511068, 73.44474735389986]}}
		]}
	]
}
