alg,xval,yval,run
CMA,1,0.3124323548995076,0
CMA,2,0.2905908011738906,0
CMA,4,0.2654785555541507,0
CMA,8,0.2654785555541507,0
CMA,16,0.23478277659936964,0
CMA,32,0.2271910795265618,0
CMA,64,0.20567730544438323,0
CMA,128,0.15615741691910934,0
CMA,256,0.1309090599333066,0
CMA,512,0.12280923087748197,0
CMA,1024,0.1163053135081854,0
CMA,2048,0.11358541931763999,0
CMA,4096,0.11238409051612841,0
CMA,8192,0.11202058717581376,0
CMA,10000,0.11201981855739973,0
