alg,xval,yval,run
BFGS,1,0.3083844646062408,0
BFGS,2,0.3083844646062408,0
BFGS,4,0.3083844644802748,0
BFGS,8,0.30838446438438993,0
BFGS,16,0.30838446425949495,0
BFGS,32,0.3049877465484776,0
BFGS,64,0.26935551712479544,0
BFGS,128,0.2552176191256289,0
BFGS,256,0.22049996508770153,0
BFGS,512,0.17053055118650384,0
BFGS,1024,0.1656613591767364,0
BFGS,2048,0.1642491061669581,0
BFGS,4096,0.14534465027182053,0
BFGS,8192,0.1368937628032615,0
BFGS,10000,0.1368937628032615,0
