alg,xval,yval,run
QODE,1,0.39707541733355955,0
QODE,2,0.3396393253564669,0
QODE,4,0.3249768819032397,0
QODE,8,0.2647471484108085,0
QODE,16,0.23904174975939507,0
QODE,32,0.23904174975939507,0
QODE,64,0.23904174975939507,0
QODE,128,0.22698540412008683,0
QODE,256,0.2011103501839867,0
QODE,512,0.2011103501839867,0
QODE,1024,0.16130060580870975,0
QODE,2048,0.1311413095396433,0
QODE,4096,0.12001595099440798,0
QODE,8192,0.11707286010134532,0
QODE,10000,0.11627558377208647,0
