alg,xval,yval,run
QNDE,1,0.37334407043038265,0
QNDE,2,0.31719414164067883,0
QNDE,4,0.30931191228952315,0
QNDE,8,0.2882777284152829,0
QNDE,16,0.24513871490404948,0
QNDE,32,0.24513871490404948,0
QNDE,64,0.24513871490404948,0
QNDE,128,0.22964706280517344,0
QNDE,256,0.20476032963469482,0
QNDE,512,0.17973735162182258,0
QNDE,1024,0.16159205702053925,0
QNDE,2048,0.12970290018797426,0
QNDE,4096,0.11555811809876193,0
QNDE,8192,0.11386656621633717,0
QNDE,10000,0.11386656621633717,0
