alg,xval,yval,run
QNDE,1,0.28169444890776496,0
QNDE,2,0.28169444890776496,0
QNDE,4,0.28169444890776496,0
QNDE,8,0.28169444890776496,0
QNDE,16,0.2543941444814827,0
QNDE,32,0.2543941444814827,0
QNDE,64,0.2252132236002562,0
QNDE,128,0.2150164616936775,0
QNDE,256,0.21096064357183764,0
QNDE,512,0.17422477647686962,0
QNDE,1024,0.1559701193546984,0
QNDE,2048,0.1559701193546984,0
QNDE,4096,0.1559701193546984,0
QNDE,8192,0.1559701193546984,0
QNDE,10000,0.1559701193546984,0
