alg,xval,yval,run
QODE,1,0.3235769173957548,0
QODE,2,0.3235769173957548,0
QODE,4,0.3235769173957548,0
QODE,8,0.3235769173957548,0
QODE,16,0.2739632277966785,0
QODE,32,0.26720452920602755,0
QODE,64,0.2601333684927648,0
QODE,128,0.239512033103352,0
QODE,256,0.19986679918051098,0
QODE,512,0.17403877189461037,0
QODE,1024,0.14656626519362603,0
QODE,2048,0.12638405209789993,0
QODE,4096,0.11306327010590089,0
QODE,8192,0.11144674155104328,0
QODE,10000,0.1114396543984838,0
