alg,xval,yval,run
BFGS,1,0.304412646984595,0
BFGS,2,0.3044126468590298,0
BFGS,4,0.3044126468590298,0
BFGS,8,0.30441264671312096,0
BFGS,16,0.30441264655122213,0
BFGS,32,0.2991281425392538,0
BFGS,64,0.27622465285426245,0
BFGS,128,0.26464082107511455,0
BFGS,256,0.24302959829906146,0
BFGS,512,0.19746096519128853,0
BFGS,1024,0.18762462426317428,0
BFGS,2048,0.18520229365213037,0
BFGS,4096,0.18469872533665221,0
BFGS,8192,0.15596703243382926,0
BFGS,10000,0.13051000346549602,0
