alg,xval,yval,run
BFGS,1,0.22678481144939533,0
BFGS,2,0.22678481144939533,0
BFGS,4,0.2267848111676407,0
BFGS,8,0.2267848111676407,0
BFGS,16,0.2267848111676407,0
BFGS,32,0.22286639169580902,0
BFGS,64,0.20000298097528424,0
BFGS,128,0.18369915257300773,0
BFGS,256,0.16045870503186566,0
BFGS,512,0.14796616473838242,0
BFGS,1024,0.1373587275549829,0
BFGS,2048,0.1369829915961911,0
BFGS,4096,0.13698122652114098,0
BFGS,8192,0.13583899057400028,0
BFGS,10000,0.13583899057400028,0
