alg,xval,yval,run
QODE,1,0.34192117072875183,0
QODE,2,0.34192117072875183,0
QODE,4,0.2248399965888057,0
QODE,8,0.2248399965888057,0
QODE,16,0.2248399965888057,0
QODE,32,0.22436601963459935,0
QODE,64,0.22215296887779035,0
QODE,128,0.22215296887779035,0
QODE,256,0.16725949981593302,0
QODE,512,0.16725949981593302,0
QODE,1024,0.15292820398652318,0
QODE,2048,0.12129803691753394,0
QODE,4096,0.11609987831082669,0
QODE,8192,0.11609987831082669,0
QODE,10000,0.11598735107827218,0
