alg,xval,yval,run
DE,1,0.28673016412795704,0
DE,2,0.28673016412795704,0
DE,4,0.28673016412795704,0
DE,8,0.28673016412795704,0
DE,16,0.28673016412795704,0
DE,32,0.2696995136119078,0
DE,64,0.25468674824854254,0
DE,128,0.23973988693224157,0
DE,256,0.2332115974253468,0
DE,512,0.21123326192230119,0
DE,1024,0.19919467460801465,0
DE,2048,0.18629037609666732,0
DE,4096,0.17427935394642746,0
DE,8192,0.16733398411037803,0
DE,10000,0.16721416702090586,0
