alg,xval,yval,run
CMA,1,0.27001860671855304,0
CMA,2,0.2600848299018048,0
CMA,4,0.2388203933321581,0
CMA,8,0.2233130195496904,0
CMA,16,0.2070918423972492,0
CMA,32,0.2070918423972492,0
CMA,64,0.17512384441222884,0
CMA,128,0.16293027255669934,0
CMA,256,0.14274875055974123,0
CMA,512,0.12600132307850775,0
CMA,1024,0.12324258581557124,0
CMA,2048,0.12169635502959775,0
CMA,4096,0.12030433825306208,0
CMA,8192,0.12030180875650498,0
CMA,10000,0.12030180875650498,0
