alg,xval,yval,run
BFGS,1,0.358713402195761,0
BFGS,2,0.35871340174552857,0
BFGS,4,0.35871340174552857,0
BFGS,8,0.35871340174552857,0
BFGS,16,0.35871340169385235,0
BFGS,32,0.3522086506679517,0
BFGS,64,0.2844422489603565,0
BFGS,128,0.24009364239443887,0
BFGS,256,0.19500527894696518,0
BFGS,512,0.17663246089875628,0
BFGS,1024,0.15970667673069883,0
BFGS,2048,0.1530622896882351,0
BFGS,4096,0.15299805931377752,0
BFGS,8192,0.15299805931377752,0
BFGS,10000,0.15299805931377752,0
