alg,xval,yval,run
QNDE,1,0.37696327305970534,0
QNDE,2,0.35839397115718485,0
QNDE,4,0.30859503678647104,0
QNDE,8,0.30859503678647104,0
QNDE,16,0.22784866300600215,0
QNDE,32,0.22784866300600215,0
QNDE,64,0.22784866300600215,0
QNDE,128,0.19827783123416887,0
QNDE,256,0.19827783123416887,0
QNDE,512,0.18740962206860778,0
QNDE,1024,0.16349624231352444,0
QNDE,2048,0.13639159372929865,0
QNDE,4096,0.12953874986274705,0
QNDE,8192,0.12847744594400023,0
QNDE,10000,0.12847744594400023,0
