alg,xval,yval,run
DE,1,0.4093399336198805,0
DE,2,0.33832077739138333,0
DE,4,0.327046027362509,0
DE,8,0.28921075956896725,0
DE,16,0.28921075956896725,0
DE,32,0.2773568741236411,0
DE,64,0.25816744751568665,0
DE,128,0.23327245788974416,0
DE,256,0.19506170645154364,0
DE,512,0.17249447567113596,0
DE,1024,0.14266128399807898,0
DE,2048,0.12183795038916179,0
DE,4096,0.11791739068404972,0
DE,8192,0.11768903788317953,0
DE,10000,0.11768903788317953,0
