alg,xval,yval,run
QODE,1,0.2802908732420586,0
QODE,2,0.2743800331756202,0
QODE,4,0.26392485409759103,0
QODE,8,0.26392485409759103,0
QODE,16,0.26392485409759103,0
QODE,32,0.23654733907958936,0
QODE,64,0.23291485215387253,0
QODE,128,0.22117624299351424,0
QODE,256,0.196543623654993,0
QODE,512,0.1824920149902972,0
QODE,1024,0.1706158526371523,0
QODE,2048,0.1330105853096022,0
QODE,4096,0.11944185257696316,0
QODE,8192,0.11778131717125673,0
QODE,10000,0.11776609268497606,0
