alg,xval,yval,run
QNDE,1,0.32804169255913584,0
QNDE,2,0.32804169255913584,0
QNDE,4,0.2649881894136584,0
QNDE,8,0.26075064519596347,0
QNDE,16,0.26075064519596347,0
QNDE,32,0.26075064519596347,0
QNDE,64,0.23656365268673762,0
QNDE,128,0.23656365268673762,0
QNDE,256,0.2242306535790265,0
QNDE,512,0.19939545187128027,0
QNDE,1024,0.15657231965945484,0
QNDE,2048,0.14659772407148786,0
QNDE,4096,0.12300038099926769,0
QNDE,8192,0.12046200050760258,0
QNDE,10000,0.12046200050760258,0
