alg,xval,yval,run
CMA,1,0.3517040899035131,0
CMA,2,0.3517040899035131,0
CMA,4,0.3517040899035131,0
CMA,8,0.3463964336226302,0
CMA,16,0.3343551600105378,0
CMA,32,0.31667662150079545,0
CMA,64,0.2964640729284348,0
CMA,128,0.2722922921525315,0
CMA,256,0.2410606588244717,0
CMA,512,0.2238064424102616,0
CMA,1024,0.21501132794352873,0
CMA,2048,0.2121603961744828,0
CMA,4096,0.21183466271266504,0
CMA,8192,0.21179314988160447,0
CMA,10000,0.21179314216176803,0
