alg,xval,yval,run
BFGS,1,0.3125158897348924,0
BFGS,2,0.3125158897348924,0
BFGS,4,0.31251588967866084,0
BFGS,8,0.312515889373962,0
BFGS,16,0.3125158893640767,0
BFGS,32,0.30493657978072775,0
BFGS,64,0.2695078259378829,0
BFGS,128,0.22699479056694727,0
BFGS,256,0.1849680730417811,0
BFGS,512,0.14760637485754047,0
BFGS,1024,0.12396648044736547,0
BFGS,2048,0.11805953361346289,0
BFGS,4096,0.11797760352027131,0
BFGS,8192,0.11797760349104591,0
BFGS,10000,0.11797760349104591,0
