alg,xval,yval,run
BFGS,1,0.3668723699583335,0
BFGS,2,0.3668723699583335,0
BFGS,4,0.3668723699583335,0
BFGS,8,0.3668723698599641,0
BFGS,16,0.3668723695291346,0
BFGS,32,0.3622635854788103,0
BFGS,64,0.29739610449638143,0
BFGS,128,0.25384799081900733,0
BFGS,256,0.2118385558422885,0
BFGS,512,0.1791717426281082,0
BFGS,1024,0.17234282576545823,0
BFGS,2048,0.17084565557352516,0
BFGS,4096,0.1708429129627036,0
BFGS,8192,0.1708429129627036,0
BFGS,10000,0.1708429129627036,0
