alg,xval,yval,run
CMA,1,0.3516185256418126,0
CMA,2,0.3516185256418126,0
CMA,4,0.3301760659643459,0
CMA,8,0.32219027211822604,0
CMA,16,0.31141854716548734,0
CMA,32,0.27564097068794247,0
CMA,64,0.21834629568910469,0
CMA,128,0.18310274773791302,0
CMA,256,0.1499985132514301,0
CMA,512,0.1445080250856624,0
CMA,1024,0.142703478985178,0
CMA,2048,0.14248703448175015,0
CMA,4096,0.14248302195932883,0
CMA,8192,0.12544340472353488,0
CMA,10000,0.12540017340243048,0
