alg,xval,yval,run
CMA,1,0.297569646511462,0
CMA,2,0.297569646511462,0
CMA,4,0.297569646511462,0
CMA,8,0.2702690778134832,0
CMA,16,0.2702690778134832,0
CMA,32,0.2487663897413901,0
CMA,64,0.1835012879619199,0
CMA,128,0.15772915744580407,0
CMA,256,0.12776086587492286,0
CMA,512,0.1187272130050101,0
CMA,1024,0.11780592148958025,0
CMA,2048,0.11772744859874062,0
CMA,4096,0.11766760998165193,0
CMA,8192,0.11766569913698588,0
CMA,10000,0.1176656991145798,0
