alg,xval,yval,run
DE,1,0.3058823796447502,0
DE,2,0.3058823796447502,0
DE,4,0.3058823796447502,0
DE,8,0.3058823796447502,0
DE,16,0.29808573462802157,0
DE,32,0.2780393083144823,0
DE,64,0.25332770401109905,0
DE,128,0.23648480065209887,0
DE,256,0.1924251595187354,0
DE,512,0.15716349223491777,0
DE,1024,0.14125116890946876,0
DE,2048,0.13048373261074386,0
DE,4096,0.11683448425100718,0
DE,8192,0.11373121229753391,0
DE,10000,0.1134571338564263,0
