alg,xval,yval,run
DE,1,0.378954287741486,0
DE,2,0.3375906355066324,0
DE,4,0.3375906355066324,0
DE,8,0.3126006671427696,0
DE,16,0.2911717506896512,0
DE,32,0.2911717506896512,0
DE,64,0.23709264860479173,0
DE,128,0.23709264860479173,0
DE,256,0.21269350804367904,0
DE,512,0.18407948541464825,0
DE,1024,0.1668579596296792,0
DE,2048,0.1569602258333943,0
DE,4096,0.15549618387912967,0
DE,8192,0.15030861366632164,0
DE,10000,0.15030861366632164,0
