alg,xval,yval,run
CMA,1,0.3199110841030136,0
CMA,2,0.3199110841030136,0
CMA,4,0.3199110841030136,0
CMA,8,0.31926997059398854,0
CMA,16,0.3025776360198481,0
CMA,32,0.27746951744937964,0
CMA,64,0.25491353559950425,0
CMA,128,0.22178421995289244,0
CMA,256,0.1974472422005661,0
CMA,512,0.18750711774598994,0
CMA,1024,0.17918927402747364,0
CMA,2048,0.17324901566054662,0
CMA,4096,0.17298334858783881,0
CMA,8192,0.17298321067096734,0
CMA,10000,0.17298321067096734,0
