alg,xval,yval,run
DE,1,0.3271885368017752,0
DE,2,0.3209973906722481,0
DE,4,0.3209973906722481,0
DE,8,0.3117310981115393,0
DE,16,0.29418655805259153,0
DE,32,0.29418655805259153,0
DE,64,0.289201124176118,0
DE,128,0.25795640276397913,0
DE,256,0.2523635640063824,0
DE,512,0.23304078278785445,0
DE,1024,0.2114816787952969,0
DE,2048,0.20684465279753173,0
DE,4096,0.1928424705855225,0
DE,8192,0.1875956260961027,0
DE,10000,0.18646225256255444,0
