alg,xval,yval,run
QNDE,1,0.2648105645230445,0
QNDE,2,0.2648105645230445,0
QNDE,4,0.2648105645230445,0
QNDE,8,0.2648105645230445,0
QNDE,16,0.2648105645230445,0
QNDE,32,0.2472557365350836,0
QNDE,64,0.2177115143514412,0
QNDE,128,0.2177115143514412,0
QNDE,256,0.20397018869134176,0
QNDE,512,0.17199509408577873,0
QNDE,1024,0.16333758469335424,0
QNDE,2048,0.13026911111342254,0
QNDE,4096,0.11429468261963027,0
QNDE,8192,0.11269460733610448,0
QNDE,10000,0.11269460733610448,0
