alg,xval,yval,run
DE,1,0.31829523856369035,0
DE,2,0.31829523856369035,0
DE,4,0.31829523856369035,0
DE,8,0.30386867755973634,0
DE,16,0.262274057058951,0
DE,32,0.262274057058951,0
DE,64,0.262274057058951,0
DE,128,0.25216337577125203,0
DE,256,0.2277854996418126,0
DE,512,0.20643914296751664,0
DE,1024,0.1942926558716056,0
DE,2048,0.18416917491544038,0
DE,4096,0.17855639197621487,0
DE,8192,0.17855639197621487,0
DE,10000,0.17855639197621487,0
