alg,xval,yval,run
QODE,1,0.3294908299837146,0
QODE,2,0.3294908299837146,0
QODE,4,0.3071346089545576,0
QODE,8,0.21017752075048535,0
QODE,16,0.21017752075048535,0
QODE,32,0.21017752075048535,0
QODE,64,0.21017752075048535,0
QODE,128,0.21017752075048535,0
QODE,256,0.20407079313813847,0
QODE,512,0.17462310424013605,0
QODE,1024,0.14589916975119832,0
QODE,2048,0.1317958079428494,0
QODE,4096,0.12081352594160921,0
QODE,8192,0.11973687487971918,0
QODE,10000,0.11973687487971918,0
