alg,xval,yval,run
QNDE,1,0.406638212819578,0
QNDE,2,0.3629043195991415,0
QNDE,4,0.35933587521521837,0
QNDE,8,0.2558956549863629,0
QNDE,16,0.2381828118694448,0
QNDE,32,0.2381828118694448,0
QNDE,64,0.2381828118694448,0
QNDE,128,0.2193539755094146,0
QNDE,256,0.18505819682381153,0
QNDE,512,0.17582312426166835,0
QNDE,1024,0.15135401930448855,0
QNDE,2048,0.13681678802539599,0
QNDE,4096,0.11757287383157067,0
QNDE,8192,0.11410688758561272,0
QNDE,10000,0.11410688758561272,0
