alg,xval,yval,run
QODE,1,0.41131169816684965,0
QODE,2,0.40524973049277646,0
QODE,4,0.38419238460062455,0
QODE,8,0.3008678718274501,0
QODE,16,0.29618300186028623,0
QODE,32,0.26477662953454717,0
QODE,64,0.22886045029605007,0
QODE,128,0.2256183507410776,0
QODE,256,0.19166804369706092,0
QODE,512,0.1841410234014067,0
QODE,1024,0.16094091352244122,0
QODE,2048,0.13743012750631978,0
QODE,4096,0.12049554072596336,0
QODE,8192,0.11921570961929273,0
QODE,10000,0.11918050189687235,0
