alg,xval,yval,run
BFGS,1,0.41021245505865467,0
BFGS,2,0.41021245493627634,0
BFGS,4,0.410212454641657,0
BFGS,8,0.410212454603753,0
BFGS,16,0.410212454603753,0
BFGS,32,0.40043776641361095,0
BFGS,64,0.3414551424459721,0
BFGS,128,0.2759770093584978,0
BFGS,256,0.24751432325643297,0
BFGS,512,0.1751487279535029,0
BFGS,1024,0.14609940646591268,0
BFGS,2048,0.12271503208353574,0
BFGS,4096,0.12098670083296226,0
BFGS,8192,0.11310321179796312,0
BFGS,10000,0.11310321179796312,0
