alg,xval,yval,run
DE,1,0.3433563999798127,0
DE,2,0.32892485747417344,0
DE,4,0.32861547407933867,0
DE,8,0.32861547407933867,0
DE,16,0.2980397961262524,0
DE,32,0.2859154225778613,0
DE,64,0.2733324598055238,0
DE,128,0.22911618561179703,0
DE,256,0.22911618561179703,0
DE,512,0.212629493321411,0
DE,1024,0.16873818424984333,0
DE,2048,0.15479785343409858,0
DE,4096,0.13614594789911905,0
DE,8192,0.13399146125701622,0
DE,10000,0.13364885113433878,0
