alg,xval,yval,run
DE,1,0.35704049402708327,0
DE,2,0.25179464251117367,0
DE,4,0.25179464251117367,0
DE,8,0.24733674466766398,0
DE,16,0.24733674466766398,0
DE,32,0.22632722213063272,0
DE,64,0.22632722213063272,0
DE,128,0.21304797590403002,0
DE,256,0.2091918075436936,0
DE,512,0.18505180711883984,0
DE,1024,0.1477810832681492,0
DE,2048,0.1303399333330394,0
DE,4096,0.12708296469828484,0
DE,8192,0.1270036005571027,0
DE,10000,0.1270036005571027,0
