alg,xval,yval,run
DE,1,0.3312686674143498,0
DE,2,0.3254530621066263,0
DE,4,0.3254530621066263,0
DE,8,0.26526631517128674,0
DE,16,0.26526631517128674,0
DE,32,0.25282956706449533,0
DE,64,0.211146293707417,0
DE,128,0.211146293707417,0
DE,256,0.1846678892403344,0
DE,512,0.17671595674292406,0
DE,1024,0.14934655385507445,0
DE,2048,0.14222260468772896,0
DE,4096,0.11777315090198992,0
DE,8192,0.11336618994708714,0
DE,10000,0.11329425550826944,0
