alg,xval,yval,run
BFGS,1,0.30692531077697494,0
BFGS,2,0.30692531077697494,0
BFGS,4,0.30692531077697494,0
BFGS,8,0.3069253105114388,0
BFGS,16,0.30692531044455873,0
BFGS,32,0.3022741685344019,0
BFGS,64,0.2271876890718627,0
BFGS,128,0.21510475700055542,0
BFGS,256,0.18320308591238965,0
BFGS,512,0.16256150173808015,0
BFGS,1024,0.1559194952989229,0
BFGS,2048,0.15059584912991775,0
BFGS,4096,0.150090603461685,0
BFGS,8192,0.14708544548969615,0
BFGS,10000,0.1436053433209602,0
