alg,xval,yval,run
QNDE,1,0.38042788654840165,0
QNDE,2,0.36210237146411584,0
QNDE,4,0.3144327270714864,0
QNDE,8,0.2574552001846473,0
QNDE,16,0.240696239718189,0
QNDE,32,0.23814641820166416,0
QNDE,64,0.21686929295487234,0
QNDE,128,0.21686929295487234,0
QNDE,256,0.20705582939006817,0
QNDE,512,0.17044863977201052,0
QNDE,1024,0.14921380362472314,0
QNDE,2048,0.13434912067409766,0
QNDE,4096,0.11700048629064186,0
QNDE,8192,0.11453960598436796,0
QNDE,10000,0.11453960598436796,0
