alg,xval,yval,run
CMA,1,0.3245490639997335,0
CMA,2,0.3245490639997335,0
CMA,4,0.314398598955164,0
CMA,8,0.314398598955164,0
CMA,16,0.3067061984316807,0
CMA,32,0.2815226625651256,0
CMA,64,0.2512272230306595,0
CMA,128,0.2378841431288906,0
CMA,256,0.2195560765230603,0
CMA,512,0.2032431954815671,0
CMA,1024,0.19446306734654117,0
CMA,2048,0.19395079264413906,0
CMA,4096,0.19378040521634055,0
CMA,8192,0.1937784559601331,0
CMA,10000,0.19377845533919968,0
