alg,xval,yval,run
QODE,1,0.3346656708551563,0
QODE,2,0.2926040363928428,0
QODE,4,0.2822858655692293,0
QODE,8,0.2822858655692293,0
QODE,16,0.2331965875557651,0
QODE,32,0.2331965875557651,0
QODE,64,0.22636880443412377,0
QODE,128,0.19858824313503465,0
QODE,256,0.19172850491901827,0
QODE,512,0.170403160276125,0
QODE,1024,0.1463997543094806,0
QODE,2048,0.1219372265500871,0
QODE,4096,0.11389085505914065,0
QODE,8192,0.1096786551435649,0
QODE,10000,0.10960861779917219,0
