alg,xval,yval,run
QNDE,1,0.30190566473222546,0
QNDE,2,0.2993324610541023,0
QNDE,4,0.2993324610541023,0
QNDE,8,0.2954484620152914,0
QNDE,16,0.27070874456321103,0
QNDE,32,0.24449670660579026,0
QNDE,64,0.17934701598606329,0
QNDE,128,0.17934701598606329,0
QNDE,256,0.17934701598606329,0
QNDE,512,0.1515905080870361,0
QNDE,1024,0.14558298490922916,0
QNDE,2048,0.12571182565051175,0
QNDE,4096,0.11399593557180299,0
QNDE,8192,0.112383714557447,0
QNDE,10000,0.112383714557447,0
