alg,xval,yval,run
DE,1,0.4019722787832877,0
DE,2,0.356963260787022,0
DE,4,0.2780300593034781,0
DE,8,0.2780300593034781,0
DE,16,0.27325575225054477,0
DE,32,0.2610594054494404,0
DE,64,0.2528146401411717,0
DE,128,0.21847356636060433,0
DE,256,0.2012202613243077,0
DE,512,0.1662806361675334,0
DE,1024,0.1556541248531106,0
DE,2048,0.124189082150996,0
DE,4096,0.116317972557763,0
DE,8192,0.11550366218347508,0
DE,10000,0.11548547917834917,0
