alg,xval,yval,run
QNDE,1,0.2870995917406418,0
QNDE,2,0.2870995917406418,0
QNDE,4,0.2870995917406418,0
QNDE,8,0.28274947029257347,0
QNDE,16,0.28274947029257347,0
QNDE,32,0.24600881427544796,0
QNDE,64,0.24600881427544796,0
QNDE,128,0.24022057430753474,0
QNDE,256,0.18382021836578655,0
QNDE,512,0.17984721157045247,0
QNDE,1024,0.14561446222936592,0
QNDE,2048,0.13684417770847424,0
QNDE,4096,0.1157712987608076,0
QNDE,8192,0.11161901883274983,0
QNDE,10000,0.11161901883274983,0
