alg,xval,yval,run
BFGS,1,0.27116041306344507,0
BFGS,2,0.27116041300649274,0
BFGS,4,0.27116041295629556,0
BFGS,8,0.2711604126189211,0
BFGS,16,0.2711604126189211,0
BFGS,32,0.2639305479235451,0
BFGS,64,0.22944874971485796,0
BFGS,128,0.1917925763603604,0
BFGS,256,0.16684383777587408,0
BFGS,512,0.14056202173420984,0
BFGS,1024,0.12566870287211862,0
BFGS,2048,0.11782093522170889,0
BFGS,4096,0.11757213159177726,0
BFGS,8192,0.11757213159177726,0
BFGS,10000,0.11757213159177726,0
