alg,xval,yval,run
CMA,1,0.24372200079655415,0
CMA,2,0.23291592254820914,0
CMA,4,0.23291592254820914,0
CMA,8,0.23291592254820914,0
CMA,16,0.23291592254820914,0
CMA,32,0.22157862524410243,0
CMA,64,0.20869980474499827,0
CMA,128,0.17959723339169775,0
CMA,256,0.1520966341939608,0
CMA,512,0.1299824811280631,0
CMA,1024,0.12642036078370822,0
CMA,2048,0.12536535064933862,0
CMA,4096,0.12536072936483333,0
CMA,8192,0.12536070662759868,0
CMA,10000,0.12536070662759868,0
