alg,xval,yval,run
QODE,1,0.2962582340091776,0
QODE,2,0.2548892109060995,0
QODE,4,0.24268425278434613,0
QODE,8,0.23464119969364428,0
QODE,16,0.23464119969364428,0
QODE,32,0.23464119969364428,0
QODE,64,0.2083420324821995,0
QODE,128,0.19828719014633578,0
QODE,256,0.17091549744767054,0
QODE,512,0.17091549744767054,0
QODE,1024,0.15432524758681465,0
QODE,2048,0.13657586241608666,0
QODE,4096,0.12983111381812995,0
QODE,8192,0.12737175143498713,0
QODE,10000,0.12733577114882366,0
