alg,xval,yval,run
CMA,1,0.22054214865704924,0
CMA,2,0.22054214865704924,0
CMA,4,0.22054214865704924,0
CMA,8,0.22054214865704924,0
CMA,16,0.20809506841962344,0
CMA,32,0.18191245382314591,0
CMA,64,0.17027897564652472,0
CMA,128,0.1554851543002309,0
CMA,256,0.14111779299284632,0
CMA,512,0.13360599204930723,0
CMA,1024,0.13026240180992865,0
CMA,2048,0.12741833201465613,0
CMA,4096,0.12360003789650642,0
CMA,8192,0.11981905506830404,0
CMA,10000,0.11981509972176696,0
