alg,xval,yval,run
DE,1,0.33622807633885765,0
DE,2,0.3122472547865002,0
DE,4,0.3122472547865002,0
DE,8,0.3122472547865002,0
DE,16,0.29147756934942315,0
DE,32,0.27062341201574724,0
DE,64,0.27062341201574724,0
DE,128,0.23676631293993922,0
DE,256,0.22794173101621373,0
DE,512,0.21430853484714818,0
DE,1024,0.21430853484714818,0
DE,2048,0.20600772440071935,0
DE,4096,0.1982595984239014,0
DE,8192,0.19616798126755597,0
DE,10000,0.19506459300644863,0
