alg,xval,yval,run
DE,1,0.35373207205657975,0
DE,2,0.3175387061631808,0
DE,4,0.3039971019485723,0
DE,8,0.29731022271100815,0
DE,16,0.2808425054561762,0
DE,32,0.2716733813310819,0
DE,64,0.2716733813310819,0
DE,128,0.22692792154830033,0
DE,256,0.18865334503571618,0
DE,512,0.1741131141032456,0
DE,1024,0.15967567897009372,0
DE,2048,0.13682783287253897,0
DE,4096,0.11992535689839168,0
DE,8192,0.11551148154603941,0
DE,10000,0.11546042992847905,0
