alg,xval,yval,run
QODE,1,0.2793525865443649,0
QODE,2,0.2793525865443649,0
QODE,4,0.2793525865443649,0
QODE,8,0.2793525865443649,0
QODE,16,0.255991525811638,0
QODE,32,0.24625636069635715,0
QODE,64,0.2316215634536034,0
QODE,128,0.19281882164263087,0
QODE,256,0.19281882164263087,0
QODE,512,0.16033294328867398,0
QODE,1024,0.15609060052154022,0
QODE,2048,0.13163210597914987,0
QODE,4096,0.12149789034429415,0
QODE,8192,0.11595346116529792,0
QODE,10000,0.11595346116529792,0
