alg,xval,yval,run
CMA,1,0.2760119224850912,0
CMA,2,0.2760119224850912,0
CMA,4,0.2760119224850912,0
CMA,8,0.2760119224850912,0
CMA,16,0.2498544403422367,0
CMA,32,0.23178567727891897,0
CMA,64,0.21883422956657517,0
CMA,128,0.20102991841700757,0
CMA,256,0.1738091308599643,0
CMA,512,0.15578100585680477,0
CMA,1024,0.14967914370295832,0
CMA,2048,0.1441425659137887,0
CMA,4096,0.14174858648360855,0
CMA,8192,0.13829317205912928,0
CMA,10000,0.1382906891011506,0
