alg,xval,yval,run
BFGS,1,0.34526712210470734,0
BFGS,2,0.3452671220733651,0
BFGS,4,0.34526712201545684,0
BFGS,8,0.34526712201545684,0
BFGS,16,0.3452671218365446,0
BFGS,32,0.33890394108641575,0
BFGS,64,0.31477744395989127,0
BFGS,128,0.3027913697048191,0
BFGS,256,0.2344003812508214,0
BFGS,512,0.19235870901913743,0
BFGS,1024,0.15942513898269262,0
BFGS,2048,0.12771711435796662,0
BFGS,4096,0.12762371726214217,0
BFGS,8192,0.1095286084174878,0
BFGS,10000,0.1095286084174878,0
