alg,xval,yval,run
QODE,1,0.3589499357133308,0
QODE,2,0.3148907745558742,0
QODE,4,0.3148907745558742,0
QODE,8,0.28098584988691444,0
QODE,16,0.2458625474270344,0
QODE,32,0.2458625474270344,0
QODE,64,0.21637708436449699,0
QODE,128,0.20690622925512892,0
QODE,256,0.18897432050690155,0
QODE,512,0.18897432050690155,0
QODE,1024,0.1610134692119054,0
QODE,2048,0.14345597091872841,0
QODE,4096,0.123137731807622,0
QODE,8192,0.1168999183390731,0
QODE,10000,0.11625340558622432,0
