alg,xval,yval,run
CMA,1,0.36061599717666815,0
CMA,2,0.3090101920705327,0
CMA,4,0.3090101920705327,0
CMA,8,0.2865568786378858,0
CMA,16,0.2762141070509144,0
CMA,32,0.240898148386544,0
CMA,64,0.2062069053153497,0
CMA,128,0.18142672859681097,0
CMA,256,0.1574884083328053,0
CMA,512,0.13286631315072872,0
CMA,1024,0.12527867797246717,0
CMA,2048,0.1250263418628933,0
CMA,4096,0.1250217586637431,0
CMA,8192,0.12502152447498793,0
CMA,10000,0.12502152443262993,0
