alg,xval,yval,run
DE,1,0.30825744373264796,0
DE,2,0.30825744373264796,0
DE,4,0.30825744373264796,0
DE,8,0.2846467829872741,0
DE,16,0.24825919788888795,0
DE,32,0.23424524953354298,0
DE,64,0.23382300813592383,0
DE,128,0.21534958268503868,0
DE,256,0.1989316549881125,0
DE,512,0.18959043829012756,0
DE,1024,0.15854578985096257,0
DE,2048,0.13577017163042493,0
DE,4096,0.11907212857256178,0
DE,8192,0.11275004509611142,0
DE,10000,0.11248760548470504,0
