alg,xval,yval,run
QNDE,1,0.334998925011877,0
QNDE,2,0.33157039013221734,0
QNDE,4,0.33157039013221734,0
QNDE,8,0.24253946832823492,0
QNDE,16,0.2151511782723725,0
QNDE,32,0.2151511782723725,0
QNDE,64,0.2151511782723725,0
QNDE,128,0.19381890673864222,0
QNDE,256,0.18556804899925028,0
QNDE,512,0.1835621993397849,0
QNDE,1024,0.15577331637636893,0
QNDE,2048,0.13637419850600607,0
QNDE,4096,0.121236862981012,0
QNDE,8192,0.12061612439713354,0
QNDE,10000,0.12061612439713354,0
