alg,xval,yval,run
DE,1,0.36685984711885566,0
DE,2,0.36685984711885566,0
DE,4,0.28399618627691703,0
DE,8,0.28399618627691703,0
DE,16,0.23412918262007076,0
DE,32,0.23412918262007076,0
DE,64,0.20549033400699324,0
DE,128,0.20529892132149086,0
DE,256,0.17756860153472842,0
DE,512,0.16218976731789758,0
DE,1024,0.13922292001428327,0
DE,2048,0.12600658352519,0
DE,4096,0.11376393165346621,0
DE,8192,0.11190034318625197,0
DE,10000,0.11189894137689171,0
