alg,xval,yval,run
QNDE,1,0.31412813491792724,0
QNDE,2,0.31412813491792724,0
QNDE,4,0.31412813491792724,0
QNDE,8,0.3001163762539215,0
QNDE,16,0.2228200960782014,0
QNDE,32,0.2228200960782014,0
QNDE,64,0.2228200960782014,0
QNDE,128,0.2150606460137291,0
QNDE,256,0.18679454483967461,0
QNDE,512,0.1645737484939701,0
QNDE,1024,0.1427247962554391,0
QNDE,2048,0.12864843134319026,0
QNDE,4096,0.11830200682707537,0
QNDE,8192,0.11600666161866868,0
QNDE,10000,0.11424273145351227,0
