alg,xval,yval,run
CMA,1,0.31147594789724886,0
CMA,2,0.31147594789724886,0
CMA,4,0.31147594789724886,0
CMA,8,0.307421081012459,0
CMA,16,0.30641569271147173,0
CMA,32,0.2539478106140777,0
CMA,64,0.22314251051888845,0
CMA,128,0.19409687610514303,0
CMA,256,0.1744732932916323,0
CMA,512,0.17091987697739042,0
CMA,1024,0.16980986532140652,0
CMA,2048,0.1696880558928704,0
CMA,4096,0.16967372003681902,0
CMA,8192,0.16967367120792642,0
CMA,10000,0.16967367120792642,0
