alg,xval,yval,run
QNDE,1,0.41866282022829815,0
QNDE,2,0.24491746103663958,0
QNDE,4,0.24491746103663958,0
QNDE,8,0.23834043298369256,0
QNDE,16,0.22361318084915338,0
QNDE,32,0.22361318084915338,0
QNDE,64,0.2168079927077421,0
QNDE,128,0.2168079927077421,0
QNDE,256,0.2006031561664976,0
QNDE,512,0.15973948590819742,0
QNDE,1024,0.15101066015896814,0
QNDE,2048,0.13499338881947787,0
QNDE,4096,0.11786190217378922,0
QNDE,8192,0.11436242250538098,0
QNDE,10000,0.11436242250538098,0
