alg,xval,yval,run
DE,1,0.29689056489069465,0
DE,2,0.2895990923422611,0
DE,4,0.2895990923422611,0
DE,8,0.2603239146169446,0
DE,16,0.2587012804160106,0
DE,32,0.2584031652792057,0
DE,64,0.25258541070236507,0
DE,128,0.21614022668139654,0
DE,256,0.19498019837851832,0
DE,512,0.16343845108693755,0
DE,1024,0.1434488612401218,0
DE,2048,0.12080932217849694,0
DE,4096,0.11959794370578591,0
DE,8192,0.11907142699920703,0
DE,10000,0.11907142699920703,0
