alg,xval,yval,run
QODE,1,0.3245222322125221,0
QODE,2,0.3029209992439438,0
QODE,4,0.3029209992439438,0
QODE,8,0.3029209992439438,0
QODE,16,0.2476261783031556,0
QODE,32,0.24064812398912483,0
QODE,64,0.23350131123515128,0
QODE,128,0.20720118190914938,0
QODE,256,0.20373914946448757,0
QODE,512,0.17630157692723325,0
QODE,1024,0.1447636857304886,0
QODE,2048,0.1358019428222872,0
QODE,4096,0.11608705023069876,0
QODE,8192,0.11608705023069876,0
QODE,10000,0.11608705023069876,0
