alg,xval,yval,run
BFGS,1,0.3485311784941637,0
BFGS,2,0.3485311781001932,0
BFGS,4,0.3485311781001932,0
BFGS,8,0.3485311781001932,0
BFGS,16,0.3485311781001932,0
BFGS,32,0.3432708249104566,0
BFGS,64,0.25830534224251667,0
BFGS,128,0.22511089503126935,0
BFGS,256,0.20995686596022345,0
BFGS,512,0.20326861395874096,0
BFGS,1024,0.18903365478783052,0
BFGS,2048,0.17925177242574464,0
BFGS,4096,0.17896869389924774,0
BFGS,8192,0.1789686865701554,0
BFGS,10000,0.1789686865701554,0
