alg,xval,yval,run
BFGS,1,0.3892227730829585,0
BFGS,2,0.38922277301323105,0
BFGS,4,0.3892227729008618,0
BFGS,8,0.3892227729008618,0
BFGS,16,0.38922277272270867,0
BFGS,32,0.3847403145114182,0
BFGS,64,0.3477074413076323,0
BFGS,128,0.33526890898212736,0
BFGS,256,0.2820692149397208,0
BFGS,512,0.2346494878138874,0
BFGS,1024,0.17979891249118485,0
BFGS,2048,0.17445829143190372,0
BFGS,4096,0.17433927751380585,0
BFGS,8192,0.1743392754288936,0
BFGS,10000,0.1743392754288936,0
