alg,xval,yval,run
BFGS,1,0.39180606672625473,0
BFGS,2,0.39180606642118876,0
BFGS,4,0.39180606642118876,0
BFGS,8,0.39180606642118876,0
BFGS,16,0.3918060662866293,0
BFGS,32,0.3846843229793794,0
BFGS,64,0.3504141054823371,0
BFGS,128,0.31426526117198783,0
BFGS,256,0.22748281086806832,0
BFGS,512,0.18800337315955473,0
BFGS,1024,0.17010117540845715,0
BFGS,2048,0.1698804513696346,0
BFGS,4096,0.1698802435874317,0
BFGS,8192,0.1698802435874317,0
BFGS,10000,0.1698802435874317,0
