alg,xval,yval,run
QODE,1,0.38292193406500197,0
QODE,2,0.24601736498281646,0
QODE,4,0.24601736498281646,0
QODE,8,0.24601736498281646,0
QODE,16,0.24601736498281646,0
QODE,32,0.24132392054756724,0
QODE,64,0.22107385398625745,0
QODE,128,0.22107385398625745,0
QODE,256,0.19298423803402343,0
QODE,512,0.1515799420356012,0
QODE,1024,0.1430634389516936,0
QODE,2048,0.12493739302046314,0
QODE,4096,0.11390794187050512,0
QODE,8192,0.1127581962597487,0
QODE,10000,0.1127415337788722,0
