alg,xval,yval,run
QNDE,1,0.3505233688974996,0
QNDE,2,0.3505233688974996,0
QNDE,4,0.2980357715807217,0
QNDE,8,0.2980357715807217,0
QNDE,16,0.26210837719160895,0
QNDE,32,0.260990743813009,0
QNDE,64,0.2501618286557681,0
QNDE,128,0.2501618286557681,0
QNDE,256,0.23353661381057478,0
QNDE,512,0.21372991616480153,0
QNDE,1024,0.20448723441990968,0
QNDE,2048,0.14522309975218173,0
QNDE,4096,0.12331309231358234,0
QNDE,8192,0.12169420711166645,0
QNDE,10000,0.12169420711166645,0
