alg,xval,yval,run
CMA,1,0.34284652865957777,0
CMA,2,0.3327756269016935,0
CMA,4,0.3327756269016935,0
CMA,8,0.31255778667045664,0
CMA,16,0.3085504031878811,0
CMA,32,0.2992721318218744,0
CMA,64,0.27733888706556564,0
CMA,128,0.2539805517674407,0
CMA,256,0.22413375382008927,0
CMA,512,0.18235418567403472,0
CMA,1024,0.1767988680129473,0
CMA,2048,0.17653670177182001,0
CMA,4096,0.17652984413601613,0
CMA,8192,0.1765298336132053,0
CMA,10000,0.17031856993473127,0
