alg,xval,yval,run
BFGS,1,0.36598807840625347,0
BFGS,2,0.36598807840625347,0
BFGS,4,0.36598807828264424,0
BFGS,8,0.3659880782289263,0
BFGS,16,0.3659880782289263,0
BFGS,32,0.36318055234862345,0
BFGS,64,0.30306004120345453,0
BFGS,128,0.273190857711175,0
BFGS,256,0.22250125098967233,0
BFGS,512,0.19534529316438554,0
BFGS,1024,0.18349502512024596,0
BFGS,2048,0.183063754417369,0
BFGS,4096,0.18306089106154544,0
BFGS,8192,0.18306089106154544,0
BFGS,10000,0.1763825123956544,0
