alg,xval,yval,run
QODE,1,0.23537762353159364,0
QODE,2,0.23537762353159364,0
QODE,4,0.23537762353159364,0
QODE,8,0.23537762353159364,0
QODE,16,0.23537762353159364,0
QODE,32,0.23537762353159364,0
QODE,64,0.21620730518819542,0
QODE,128,0.21330715388096566,0
QODE,256,0.16718021984041553,0
QODE,512,0.16718021984041553,0
QODE,1024,0.1466988634346722,0
QODE,2048,0.12897925729144333,0
QODE,4096,0.12350264069286254,0
QODE,8192,0.12126646150218323,0
QODE,10000,0.12126646150218323,0
