alg,xval,yval,run
CMA,1,0.3185180409666003,0
CMA,2,0.29631802506565996,0
CMA,4,0.28993380894375154,0
CMA,8,0.28744303784558534,0
CMA,16,0.2848522187724364,0
CMA,32,0.2642756970405995,0
CMA,64,0.24755384138506187,0
CMA,128,0.20089951816945784,0
CMA,256,0.16018716928927224,0
CMA,512,0.13697666986123058,0
CMA,1024,0.13399321351546079,0
CMA,2048,0.13379033482505565,0
CMA,4096,0.13042192654789453,0
CMA,8192,0.13042073081727323,0
CMA,10000,0.12838959719614607,0
