alg,xval,yval,run
CMA,1,0.34129812927717185,0
CMA,2,0.3357028278428872,0
CMA,4,0.30653745581326375,0
CMA,8,0.30653745581326375,0
CMA,16,0.2793936511631381,0
CMA,32,0.2649874263378448,0
CMA,64,0.23837771941225017,0
CMA,128,0.22656006280370666,0
CMA,256,0.2183440132514729,0
CMA,512,0.20852103194078575,0
CMA,1024,0.18532627055700635,0
CMA,2048,0.16349429556729256,0
CMA,4096,0.16163981543500838,0
CMA,8192,0.16163267616085153,0
CMA,10000,0.1616326741854882,0
