alg,xval,yval,run
QNDE,1,0.33794679612666345,0
QNDE,2,0.2996282220257198,0
QNDE,4,0.2924390093742878,0
QNDE,8,0.2924390093742878,0
QNDE,16,0.27685035733053653,0
QNDE,32,0.27312045202137114,0
QNDE,64,0.25846567887531635,0
QNDE,128,0.2175321891977252,0
QNDE,256,0.1923994058423264,0
QNDE,512,0.16693350341135393,0
QNDE,1024,0.14492873622159896,0
QNDE,2048,0.12664882837151614,0
QNDE,4096,0.11797336933647318,0
QNDE,8192,0.11740255484663342,0
QNDE,10000,0.11740255484663342,0
