alg,xval,yval,run
QODE,1,0.35377058273692985,0
QODE,2,0.33001484043835005,0
QODE,4,0.33001484043835005,0
QODE,8,0.281541880435061,0
QODE,16,0.281541880435061,0
QODE,32,0.264922881717376,0
QODE,64,0.21165025453794206,0
QODE,128,0.20087606577429762,0
QODE,256,0.19179902781827474,0
QODE,512,0.17976154366777952,0
QODE,1024,0.15388501707555557,0
QODE,2048,0.12618487643370224,0
QODE,4096,0.11517008118128569,0
QODE,8192,0.11229352235688839,0
QODE,10000,0.11223292218878,0
