alg,xval,yval,run
QODE,1,0.30254526270910465,0
QODE,2,0.30254526270910465,0
QODE,4,0.24978746502654492,0
QODE,8,0.24978746502654492,0
QODE,16,0.24969312599400695,0
QODE,32,0.24969312599400695,0
QODE,64,0.2242706443921072,0
QODE,128,0.20343863114903682,0
QODE,256,0.19603431708457453,0
QODE,512,0.1951033803948068,0
QODE,1024,0.17275244170102289,0
QODE,2048,0.14908163531657603,0
QODE,4096,0.138094703952497,0
QODE,8192,0.1374943818342227,0
QODE,10000,0.13738638542014014,0
