alg,xval,yval,run
QNDE,1,0.356691818080649,0
QNDE,2,0.2932701839989683,0
QNDE,4,0.2932701839989683,0
QNDE,8,0.2574466426290031,0
QNDE,16,0.2574466426290031,0
QNDE,32,0.2574466426290031,0
QNDE,64,0.2376992991621708,0
QNDE,128,0.2376992991621708,0
QNDE,256,0.20864652466820022,0
QNDE,512,0.18864997987551801,0
QNDE,1024,0.17112728275274824,0
QNDE,2048,0.13832364179616008,0
QNDE,4096,0.12525935593160886,0
QNDE,8192,0.12058513142545724,0
QNDE,10000,0.12058513142545724,0
