alg,xval,yval,run
BFGS,1,0.3609112179160203,0
BFGS,2,0.3609112179160203,0
BFGS,4,0.3609112179160203,0
BFGS,8,0.36091121765619916,0
BFGS,16,0.3609112176294853,0
BFGS,32,0.3574801166943802,0
BFGS,64,0.30197692271525256,0
BFGS,128,0.2690647195317454,0
BFGS,256,0.21331326778571258,0
BFGS,512,0.18129053652233496,0
BFGS,1024,0.16482861043720087,0
BFGS,2048,0.16312962916618234,0
BFGS,4096,0.1631009533658021,0
BFGS,8192,0.15119181339806387,0
BFGS,10000,0.15119121609910846,0
