alg,xval,yval,run
DE,1,0.4709449273826516,0
DE,2,0.41733403693193316,0
DE,4,0.350098494160869,0
DE,8,0.350098494160869,0
DE,16,0.350098494160869,0
DE,32,0.3064370152496547,0
DE,64,0.28012144454891774,0
DE,128,0.2543151703355576,0
DE,256,0.21593628373438523,0
DE,512,0.1813075431507596,0
DE,1024,0.16479025707512684,0
DE,2048,0.1378294879029638,0
DE,4096,0.11957069159556821,0
DE,8192,0.11297315781744766,0
DE,16000,0.11164546728296165,0
