alg,xval,yval,run
CMA,1,0.36617727576996484,0
CMA,2,0.3447841240675421,0
CMA,4,0.3447841240675421,0
CMA,8,0.3383622438873437,0
CMA,16,0.31552401758243165,0
CMA,32,0.2869029226714941,0
CMA,64,0.27251162343596824,0
CMA,128,0.22596901184043583,0
CMA,256,0.17342887618394387,0
CMA,512,0.1577837602531883,0
CMA,1024,0.15226527084363284,0
CMA,2048,0.15073974216823527,0
CMA,4096,0.14162066610442436,0
CMA,8192,0.13932151961517558,0
CMA,16000,0.13929923724347526,0
