alg,xval,yval,run
BFGS,1,0.3615292090395653,0
BFGS,2,0.3615292090395653,0
BFGS,4,0.3615292090395653,0
BFGS,8,0.3615292090395653,0
BFGS,16,0.3615292085958395,0
BFGS,32,0.3615292085958395,0
BFGS,64,0.35908819362925015,0
BFGS,128,0.3397942526434409,0
BFGS,256,0.3045688617603862,0
BFGS,512,0.2436957925875558,0
BFGS,1024,0.1959853888866132,0
BFGS,2048,0.18393435022444504,0
BFGS,4096,0.1827039697443683,0
BFGS,8192,0.1809481120168034,0
BFGS,16000,0.17042976536007082,0
