alg,xval,yval,run
BFGS,1,0.46987817041378277,0
BFGS,2,0.46987816999011833,0
BFGS,4,0.46987816999011833,0
BFGS,8,0.46987816986439357,0
BFGS,16,0.4698781698113239,0
BFGS,32,0.4698781698113239,0
BFGS,64,0.4567349813058388,0
BFGS,128,0.40169341875786313,0
BFGS,256,0.3285120297979167,0
BFGS,512,0.2515952267954509,0
BFGS,1024,0.1919846583142728,0
BFGS,2048,0.17979042331335082,0
BFGS,4096,0.17687525003934967,0
BFGS,8192,0.17683480264709528,0
BFGS,16000,0.17396101352236515,0
