alg,xval,yval,run
BFGS,1,0.3957235567427153,0
BFGS,2,0.39572355666531855,0
BFGS,4,0.3957235566477565,0
BFGS,8,0.3957235565799724,0
BFGS,16,0.3957235565799724,0
BFGS,32,0.39572355614983523,0
BFGS,64,0.3786332692734331,0
BFGS,128,0.33057285261985614,0
BFGS,256,0.30058741113117604,0
BFGS,512,0.24114894862673997,0
BFGS,1024,0.1926267239468039,0
BFGS,2048,0.16407523456213902,0
BFGS,4096,0.15354730714882736,0
BFGS,8192,0.15351879952652614,0
BFGS,16000,0.1462101360701309,0
