alg,xval,yval,run
QNDE,1,0.42909829357650753,0
QNDE,2,0.3972815212128248,0
QNDE,4,0.3743724352057355,0
QNDE,8,0.34522902357660024,0
QNDE,16,0.3451997023605904,0
QNDE,32,0.3451997023605904,0
QNDE,64,0.30284193975443086,0
QNDE,128,0.30284193975443086,0
QNDE,256,0.2638544271421609,0
QNDE,512,0.23585325693400894,0
QNDE,1024,0.2315278094646892,0
QNDE,2048,0.19269317128970165,0
QNDE,4096,0.15104011291732755,0
QNDE,8192,0.11765253499002803,0
QNDE,16000,0.11765253499002803,0
