alg,xval,yval,run
CMA,1,0.4440090819310938,0
CMA,2,0.42859504236009494,0
CMA,4,0.4094797666871549,0
CMA,8,0.4094797666871549,0
CMA,16,0.3925293814289087,0
CMA,32,0.3913256956512683,0
CMA,64,0.37102408640404205,0
CMA,128,0.23812712848239992,0
CMA,256,0.1934855393904945,0
CMA,512,0.16175202858943272,0
CMA,1024,0.1457992766677747,0
CMA,2048,0.14397684453287718,0
CMA,4096,0.143418857149068,0
CMA,8192,0.14333590317355338,0
CMA,16000,0.1433354812857186,0
