alg,xval,yval,run
BFGS,1,0.39775533942392705,0
BFGS,2,0.39775533942392705,0
BFGS,4,0.39775533940629637,0
BFGS,8,0.39775533907592864,0
BFGS,16,0.39775533907592864,0
BFGS,32,0.3977553387686358,0
BFGS,64,0.38341091314598397,0
BFGS,128,0.35408155601981073,0
BFGS,256,0.31926181097023043,0
BFGS,512,0.25806156730700247,0
BFGS,1024,0.20202361931035528,0
BFGS,2048,0.18727997854700462,0
BFGS,4096,0.18510242540402622,0
BFGS,8192,0.18505396957729026,0
BFGS,16000,0.1360983891745411,0
