alg,xval,yval,run
BFGS,1,0.4679718412765279,0
BFGS,2,0.4679718412765279,0
BFGS,4,0.46797184103177314,0
BFGS,8,0.46797184093075284,0
BFGS,16,0.46797184093075284,0
BFGS,32,0.4679718408875,0
BFGS,64,0.4633036084797222,0
BFGS,128,0.43675706398850433,0
BFGS,256,0.3597412142630466,0
BFGS,512,0.30564911466636435,0
BFGS,1024,0.22202963943879095,0
BFGS,2048,0.19869488616069397,0
BFGS,4096,0.18957506498996524,0
BFGS,8192,0.18903179660860792,0
BFGS,16000,0.14879047829574443,0
