alg,xval,yval,run
DE,1,0.38367600586897366,0
DE,2,0.38367600586897366,0
DE,4,0.32233496475854306,0
DE,8,0.3116267579708436,0
DE,16,0.3116267579708436,0
DE,32,0.3066505903762705,0
DE,64,0.29114784865221666,0
DE,128,0.2642964863462405,0
DE,256,0.23902663742820318,0
DE,512,0.22599769853455143,0
DE,1024,0.20788905723361928,0
DE,2048,0.16827291119503418,0
DE,4096,0.12947601307104073,0
DE,8192,0.11947410453233587,0
DE,16000,0.11926899157550885,0
