alg,xval,yval,run
BFGS,1,0.4061122065209437,0
BFGS,2,0.4061122065209437,0
BFGS,4,0.4061122064370385,0
BFGS,8,0.40611220630006895,0
BFGS,16,0.40611220630006895,0
BFGS,32,0.40611220624095945,0
BFGS,64,0.3982382645157331,0
BFGS,128,0.3279297348290866,0
BFGS,256,0.26161312458649266,0
BFGS,512,0.20771595477551197,0
BFGS,1024,0.15714788738006435,0
BFGS,2048,0.1348007276038632,0
BFGS,4096,0.133489243827286,0
BFGS,8192,0.1334775897326267,0
BFGS,16000,0.1158506089424679,0
