alg,xval,yval,run
BFGS,1,0.40467690164949577,0
BFGS,2,0.4046769014784597,0
BFGS,4,0.4046769014784597,0
BFGS,8,0.4046769012991973,0
BFGS,16,0.40467690126064393,0
BFGS,32,0.4046769012480448,0
BFGS,64,0.39806183898217395,0
BFGS,128,0.3281632417243546,0
BFGS,256,0.2982785616806687,0
BFGS,512,0.23971538316864904,0
BFGS,1024,0.20035198619580852,0
BFGS,2048,0.18218446376408592,0
BFGS,4096,0.1759404766722622,0
BFGS,8192,0.1758482137455607,0
BFGS,16000,0.17197480738591042,0
