alg,xval,yval,run
CMA,1,0.4437100881469557,0
CMA,2,0.42242588060765773,0
CMA,4,0.3918851351107139,0
CMA,8,0.3918851351107139,0
CMA,16,0.37476602153964655,0
CMA,32,0.3541594165059264,0
CMA,64,0.3218538372722687,0
CMA,128,0.2870155030063324,0
CMA,256,0.23870396723498333,0
CMA,512,0.21945933121734784,0
CMA,1024,0.19854057082135712,0
CMA,2048,0.1905104221231031,0
CMA,4096,0.18848897142219956,0
CMA,8192,0.18718544636984347,0
CMA,16000,0.18685824191430145,0
