alg,xval,yval,run
BFGS,1,0.36505094007369976,0
BFGS,2,0.36505094007369976,0
BFGS,4,0.3650509400168527,0
BFGS,8,0.3650509398266245,0
BFGS,16,0.3650509398266245,0
BFGS,32,0.3650509396654045,0
BFGS,64,0.3541083291953663,0
BFGS,128,0.3130199467816679,0
BFGS,256,0.28023795540926766,0
BFGS,512,0.19501501664307475,0
BFGS,1024,0.13645863442753947,0
BFGS,2048,0.12927682781936778,0
BFGS,4096,0.12708322788612358,0
BFGS,8192,0.127013386159477,0
BFGS,16000,0.12701338296982312,0
