alg,xval,yval,run
QODE,1,0.348180754544546,0
QODE,2,0.348180754544546,0
QODE,4,0.348180754544546,0
QODE,8,0.3091592885589225,0
QODE,16,0.3091592885589225,0
QODE,32,0.30182764780373206,0
QODE,64,0.30182764780373206,0
QODE,128,0.30182764780373206,0
QODE,256,0.28584583729581414,0
QODE,512,0.24091535235331252,0
QODE,1024,0.2166964188630779,0
QODE,2048,0.17722061360665187,0
QODE,4096,0.14301967278085959,0
QODE,8192,0.11928329636201962,0
QODE,16000,0.1157694097644354,0
