alg,xval,yval,run
QODE,1,0.4610089411227458,0
QODE,2,0.3936192728852408,0
QODE,4,0.32184571451151445,0
QODE,8,0.32184571451151445,0
QODE,16,0.32184571451151445,0
QODE,32,0.32184571451151445,0
QODE,64,0.311083806923925,0
QODE,128,0.29504029358041906,0
QODE,256,0.2760523256756219,0
QODE,512,0.2185301016915967,0
QODE,1024,0.19696842571745188,0
QODE,2048,0.16051560273585785,0
QODE,4096,0.13056647615621308,0
QODE,8192,0.11884221940924133,0
QODE,16000,0.11875290727546817,0
