alg,xval,yval,run
QODE,1,0.32964919614620913,0
QODE,2,0.31936996538092677,0
QODE,4,0.31936996538092677,0
QODE,8,0.31936996538092677,0
QODE,16,0.31936996538092677,0
QODE,32,0.31936996538092677,0
QODE,64,0.2963680650739777,0
QODE,128,0.2963680650739777,0
QODE,256,0.2734003731261323,0
QODE,512,0.23923060412959074,0
QODE,1024,0.21039857136761464,0
QODE,2048,0.17195151641252482,0
QODE,4096,0.13847412527308878,0
QODE,8192,0.11294426146931014,0
QODE,16000,0.1125250167720212,0
