alg,xval,yval,run
QODE,1,0.3316708051370759,0
QODE,2,0.3316708051370759,0
QODE,4,0.3316708051370759,0
QODE,8,0.3316708051370759,0
QODE,16,0.3170718966184264,0
QODE,32,0.3170718966184264,0
QODE,64,0.3004742285926896,0
QODE,128,0.28906751477539605,0
QODE,256,0.23761980199460675,0
QODE,512,0.23761980199460675,0
QODE,1024,0.21010390248710276,0
QODE,2048,0.17391680350078287,0
QODE,4096,0.1329963735111016,0
QODE,8192,0.11740657870342985,0
QODE,16000,0.11210815545881359,0
