alg,xval,yval,run
BFGS,1,0.37595618790252505,0
BFGS,2,0.37595618771161177,0
BFGS,4,0.37595618771161177,0
BFGS,8,0.3759561876681885,0
BFGS,16,0.375956187623983,0
BFGS,32,0.375956187623983,0
BFGS,64,0.3701139365640921,0
BFGS,128,0.2959160228124893,0
BFGS,256,0.2842357578654239,0
BFGS,512,0.22400040189694537,0
BFGS,1024,0.20221025009428606,0
BFGS,2048,0.1870942768069136,0
BFGS,4096,0.14767417694534568,0
BFGS,8192,0.13658525968581747,0
BFGS,16000,0.1365625359991276,0
