alg,xval,yval,run
CMA,1,0.43888471431633247,0
CMA,2,0.4365751090705562,0
CMA,4,0.4365751090705562,0
CMA,8,0.3987304357570284,0
CMA,16,0.39191114368341307,0
CMA,32,0.3232063090840561,0
CMA,64,0.30845492272769337,0
CMA,128,0.24697056124214378,0
CMA,256,0.22837038018339517,0
CMA,512,0.21189128894066156,0
CMA,1024,0.1821310975352154,0
CMA,2048,0.14856424656649803,0
CMA,4096,0.14507681376524284,0
CMA,8192,0.14482077028197582,0
CMA,16000,0.14482047149868926,0
