alg,xval,yval,run
QNDE,1,0.4420757280472497,0
QNDE,2,0.3945784736452288,0
QNDE,4,0.3945784736452288,0
QNDE,8,0.3448999623847735,0
QNDE,16,0.2989598917645482,0
QNDE,32,0.2989598917645482,0
QNDE,64,0.275868911242936,0
QNDE,128,0.2731549707512516,0
QNDE,256,0.2347321553427607,0
QNDE,512,0.2347321553427607,0
QNDE,1024,0.18914484737446102,0
QNDE,2048,0.1599985938509607,0
QNDE,4096,0.12192938229374684,0
QNDE,8192,0.11458900599989197,0
QNDE,16000,0.11458900599989197,0
