alg,xval,yval,run
DE,1,0.2922154425568524,0
DE,2,0.2922154425568524,0
DE,4,0.2922154425568524,0
DE,8,0.2922154425568524,0
DE,16,0.2887245998466498,0
DE,32,0.27921872128809155,0
DE,64,0.27665995438518953,0
DE,128,0.23832263336887638,0
DE,256,0.22100322668546202,0
DE,512,0.18956409552175402,0
DE,1024,0.17361993764384165,0
DE,2048,0.16801287417334987,0
DE,4096,0.12528720096888835,0
DE,8192,0.11257936332654006,0
DE,16000,0.11190424227845397,0
