alg,xval,yval,run
CMA,1,0.31912934310326735,0
CMA,2,0.31912934310326735,0
CMA,4,0.30684877585400516,0
CMA,8,0.3019659422238411,0
CMA,16,0.29851742499628253,0
CMA,32,0.2835605556027373,0
CMA,64,0.2597143869364341,0
CMA,128,0.2357318057219161,0
CMA,256,0.17802679184768377,0
CMA,512,0.14771598311512002,0
CMA,1024,0.13241345619330835,0
CMA,2048,0.13046131152718266,0
CMA,4096,0.12835713892280964,0
CMA,8192,0.12830566534229393,0
CMA,16000,0.12830530368761583,0
