alg,xval,yval,run
DE,1,0.4176570932524831,0
DE,2,0.4176570932524831,0
DE,4,0.4176570932524831,0
DE,8,0.36169146989644874,0
DE,16,0.36169146989644874,0
DE,32,0.3595254102180201,0
DE,64,0.3483967169788793,0
DE,128,0.2912286573897962,0
DE,256,0.2912286573897962,0
DE,512,0.27551591823191524,0
DE,1024,0.24937592348762738,0
DE,2048,0.2243671116833047,0
DE,4096,0.19427705353682867,0
DE,8192,0.17852842566522598,0
DE,16000,0.17805072102803277,0
