alg,xval,yval,run
CMA,1,0.31669501759730745,0
CMA,2,0.31669501759730745,0
CMA,4,0.2986195794959644,0
CMA,8,0.2986195794959644,0
CMA,16,0.2771197225871206,0
CMA,32,0.23592387713053442,0
CMA,64,0.22368589200353195,0
CMA,128,0.2100339189907472,0
CMA,256,0.17401598829963094,0
CMA,512,0.14459831319334704,0
CMA,1024,0.13095974979192193,0
CMA,2048,0.12008078818787848,0
CMA,4096,0.11612305873595696,0
CMA,8192,0.11499642791577536,0
CMA,16000,0.11479494058229867,0
