alg,xval,yval,run
QODE,1,0.3882138941178963,0
QODE,2,0.3495126394964969,0
QODE,4,0.3495126394964969,0
QODE,8,0.27705222100829485,0
QODE,16,0.27705222100829485,0
QODE,32,0.27705222100829485,0
QODE,64,0.27705222100829485,0
QODE,128,0.25244936464355927,0
QODE,256,0.23672248538930496,0
QODE,512,0.18581617395577954,0
QODE,1024,0.16704429038094282,0
QODE,2048,0.13730257277291003,0
QODE,4096,0.11788695957138606,0
QODE,8192,0.10897408621917071,0
QODE,16000,0.10869648517905561,0
