alg,xval,yval,run
DE,1,0.3618822574266696,0
DE,2,0.3305841902169746,0
DE,4,0.2659062312671545,0
DE,8,0.2659062312671545,0
DE,16,0.2659062312671545,0
DE,32,0.2659062312671545,0
DE,64,0.2659062312671545,0
DE,128,0.22741914931921758,0
DE,256,0.20780437559651743,0
DE,512,0.1784974859661682,0
DE,1024,0.1668328457582905,0
DE,2048,0.13202426772981668,0
DE,4096,0.11513031162706211,0
DE,8192,0.11273458556464677,0
DE,16000,0.11268240806166618,0
