alg,xval,yval,run
CMA,1,0.34606246990391965,0
CMA,2,0.33197028305750753,0
CMA,4,0.3059288748961838,0
CMA,8,0.3059288748961838,0
CMA,16,0.29510029035191654,0
CMA,32,0.29442376250937197,0
CMA,64,0.27670866442166875,0
CMA,128,0.226887375146283,0
CMA,256,0.1971394100601641,0
CMA,512,0.15279430417022954,0
CMA,1024,0.13933953725928483,0
CMA,2048,0.1355420830386953,0
CMA,4096,0.13522156567521282,0
CMA,8192,0.13520285146374256,0
CMA,16000,0.13375702684530688,0
