alg,xval,yval,run
DE,1,0.3880134343848861,0
DE,2,0.3880134343848861,0
DE,4,0.30947954741809625,0
DE,8,0.30947954741809625,0
DE,16,0.2693626288028249,0
DE,32,0.2693626288028249,0
DE,64,0.25376926602882544,0
DE,128,0.23614176241870255,0
DE,256,0.20218204570851528,0
DE,512,0.20160813270423794,0
DE,1024,0.18045537797526023,0
DE,2048,0.14948020497610015,0
DE,4096,0.11949120438135763,0
DE,8192,0.11041995596049736,0
DE,16000,0.10997656712744885,0
