alg,xval,yval,run
BFGS,1,0.38070040915466996,0
BFGS,2,0.38070040915466996,0
BFGS,4,0.3807004090773811,0
BFGS,8,0.38070040883374423,0
BFGS,16,0.38070040883374423,0
BFGS,32,0.38070040874900546,0
BFGS,64,0.37652807954241396,0
BFGS,128,0.35943807407468853,0
BFGS,256,0.3211981710149744,0
BFGS,512,0.2579470918681934,0
BFGS,1024,0.2120285364384017,0
BFGS,2048,0.19446581294292964,0
BFGS,4096,0.18980045951986046,0
BFGS,8192,0.18906971217443824,0
BFGS,16000,0.18890994635909608,0
