alg,xval,yval,run
DE,1,0.46443033995707617,0
DE,2,0.38741975922717775,0
DE,4,0.38741975922717775,0
DE,8,0.38741975922717775,0
DE,16,0.3566835680588266,0
DE,32,0.3332424933843342,0
DE,64,0.33197425128084657,0
DE,128,0.29345157754266005,0
DE,256,0.2604729902015782,0
DE,512,0.2499758641526454,0
DE,1024,0.239660186371908,0
DE,2048,0.21159573426509937,0
DE,4096,0.1889059106784573,0
DE,8192,0.1736796720467545,0
DE,16000,0.1730662611299828,0
