alg,xval,yval,run
DE,1,0.48014404991682325,0
DE,2,0.4597521675642704,0
DE,4,0.4167592142648312,0
DE,8,0.37046255736635103,0
DE,16,0.3390960378097304,0
DE,32,0.3390960378097304,0
DE,64,0.31277956461003786,0
DE,128,0.298930642151513,0
DE,256,0.26161194331685766,0
DE,512,0.23598435107844895,0
DE,1024,0.18041935161244305,0
DE,2048,0.15895721156009812,0
DE,4096,0.1281926994158713,0
DE,8192,0.11499442948494898,0
DE,16000,0.11358405805216776,0
