alg,xval,yval,run
QNDE,1,0.32937011671600847,0
QNDE,2,0.32937011671600847,0
QNDE,4,0.32937011671600847,0
QNDE,8,0.2868234660746477,0
QNDE,16,0.2868234660746477,0
QNDE,32,0.2868234660746477,0
QNDE,64,0.2868234660746477,0
QNDE,128,0.27007896551625743,0
QNDE,256,0.25190675649108407,0
QNDE,512,0.2516593030769213,0
QNDE,1024,0.21490075416684873,0
QNDE,2048,0.1808814546379811,0
QNDE,4096,0.1393894030954249,0
QNDE,8192,0.11729160413815332,0
QNDE,16000,0.11729160413815332,0
