alg,xval,yval,run
QNDE,1,0.5312832553876323,0
QNDE,2,0.39064533244237665,0
QNDE,4,0.2987825025603198,0
QNDE,8,0.2987825025603198,0
QNDE,16,0.2987825025603198,0
QNDE,32,0.2987825025603198,0
QNDE,64,0.2852131692994405,0
QNDE,128,0.2529508188452291,0
QNDE,256,0.24651528459063965,0
QNDE,512,0.2331801595059252,0
QNDE,1024,0.19188600630571617,0
QNDE,2048,0.15229188205961885,0
QNDE,4096,0.13356875199889118,0
QNDE,8192,0.11491612473478419,0
QNDE,16000,0.11224849913076951,0
