alg,xval,yval,run
DE,1,0.3887751195567385,0
DE,2,0.3887751195567385,0
DE,4,0.3887751195567385,0
DE,8,0.3729905255950896,0
DE,16,0.3660565615371647,0
DE,32,0.33331559024801904,0
DE,64,0.33331559024801904,0
DE,128,0.3104271893629609,0
DE,256,0.25351792212927615,0
DE,512,0.2294522850197035,0
DE,1024,0.21452596725471984,0
DE,2048,0.18170023872333307,0
DE,4096,0.15054576405990838,0
DE,8192,0.11562546935466056,0
DE,16000,0.11397724238357898,0
