alg,xval,yval,run
DE,1,0.3754295958997529,0
DE,2,0.3754295958997529,0
DE,4,0.3629005167224584,0
DE,8,0.35179462445070364,0
DE,16,0.34277530092878006,0
DE,32,0.3192733818335881,0
DE,64,0.3059756907950788,0
DE,128,0.2796126456671142,0
DE,256,0.2659018746470596,0
DE,512,0.24924105347909686,0
DE,1024,0.23430560034649772,0
DE,2048,0.21090760798025587,0
DE,4096,0.18697171169064353,0
DE,8192,0.172666545355036,0
DE,16000,0.1709894180023026,0
