alg,xval,yval,run
QODE,1,0.3906909740926675,0
QODE,2,0.35296819047258665,0
QODE,4,0.35296819047258665,0
QODE,8,0.3227490738655373,0
QODE,16,0.3227490738655373,0
QODE,32,0.29668452766867337,0
QODE,64,0.27381908584492953,0
QODE,128,0.23042219008902598,0
QODE,256,0.23042219008902598,0
QODE,512,0.22915230506933038,0
QODE,1024,0.20488756947338638,0
QODE,2048,0.1690948149286685,0
QODE,4096,0.12692211618249483,0
QODE,8192,0.11741712295216744,0
QODE,16000,0.11698047716953253,0
