alg,xval,yval,run
QNDE,1,0.4343973268915211,0
QNDE,2,0.39530470419406694,0
QNDE,4,0.33295880293997704,0
QNDE,8,0.3315700437140692,0
QNDE,16,0.25674344623444534,0
QNDE,32,0.25674344623444534,0
QNDE,64,0.25674344623444534,0
QNDE,128,0.25674344623444534,0
QNDE,256,0.25674344623444534,0
QNDE,512,0.22351331242908146,0
QNDE,1024,0.19402199162998957,0
QNDE,2048,0.16167925081103618,0
QNDE,4096,0.12000138142192451,0
QNDE,8192,0.11455990982854758,0
QNDE,16000,0.11455990982854758,0
