alg,xval,yval,run
BFGS,1,0.3607819464348102,0
BFGS,2,0.3607819464348102,0
BFGS,4,0.3607819464348102,0
BFGS,8,0.36078194642187444,0
BFGS,16,0.36078194636749406,0
BFGS,32,0.36078194573622,0
BFGS,64,0.3470817211381464,0
BFGS,128,0.31289668554616323,0
BFGS,256,0.27054223501986974,0
BFGS,512,0.19508172903973564,0
BFGS,1024,0.1424090393943338,0
BFGS,2048,0.1261177878362688,0
BFGS,4096,0.1250075372560565,0
BFGS,8192,0.1249723594847788,0
BFGS,16000,0.1249723568323623,0
