alg,xval,yval,run
QODE,1,0.40871699900049807,0
QODE,2,0.40871699900049807,0
QODE,4,0.3604358390324963,0
QODE,8,0.306074797359176,0
QODE,16,0.306074797359176,0
QODE,32,0.306074797359176,0
QODE,64,0.306074797359176,0
QODE,128,0.2895813087057165,0
QODE,256,0.2723535351176152,0
QODE,512,0.258841913177814,0
QODE,1024,0.2089242322702517,0
QODE,2048,0.1793766419850078,0
QODE,4096,0.12721677724721225,0
QODE,8192,0.11280223165558412,0
QODE,16000,0.11002797408364906,0
