alg,xval,yval,run
BFGS,1,0.44533512116845064,0
BFGS,2,0.44533512116845064,0
BFGS,4,0.44533512116845064,0
BFGS,8,0.4453351207932059,0
BFGS,16,0.4453351207932059,0
BFGS,32,0.4453351206302484,0
BFGS,64,0.4401821620798446,0
BFGS,128,0.41179919636062956,0
BFGS,256,0.34670384085766626,0
BFGS,512,0.2644060862478469,0
BFGS,1024,0.22011490166836445,0
BFGS,2048,0.20150232567130255,0
BFGS,4096,0.19356690968432355,0
BFGS,8192,0.19092803838625794,0
BFGS,16000,0.12968065354908143,0
