alg,xval,yval,run
QODE,1,0.42619040324966906,0
QODE,2,0.41351921672687075,0
QODE,4,0.41351921672687075,0
QODE,8,0.3320295643890683,0
QODE,16,0.3240832430543642,0
QODE,32,0.31799338219330664,0
QODE,64,0.26932188604072127,0
QODE,128,0.2602678505238145,0
QODE,256,0.2602678505238145,0
QODE,512,0.22910894006971994,0
QODE,1024,0.2178036215954,0
QODE,2048,0.19032148599116971,0
QODE,4096,0.15938796692764579,0
QODE,8192,0.12023555654788454,0
QODE,16000,0.11968907758679337,0
