alg,xval,yval,run
QODE,1,0.39219068624730746,0
QODE,2,0.39219068624730746,0
QODE,4,0.35211139881941267,0
QODE,8,0.317714363822199,0
QODE,16,0.317714363822199,0
QODE,32,0.317714363822199,0
QODE,64,0.2747395115562571,0
QODE,128,0.2747395115562571,0
QODE,256,0.2451034913042085,0
QODE,512,0.22843942793917293,0
QODE,1024,0.21403299582466773,0
QODE,2048,0.16570244063037454,0
QODE,4096,0.12420648436509818,0
QODE,8192,0.11425169664971324,0
QODE,16000,0.11397080697706996,0
