alg,xval,yval,run
QODE,1,0.39505797954205,0
QODE,2,0.3639179159063445,0
QODE,4,0.3639179159063445,0
QODE,8,0.3424349145547513,0
QODE,16,0.33515638510796775,0
QODE,32,0.3212411008790613,0
QODE,64,0.290826329007168,0
QODE,128,0.290826329007168,0
QODE,256,0.25574193768963205,0
QODE,512,0.21519514766022663,0
QODE,1024,0.20063564684735002,0
QODE,2048,0.15199751791791727,0
QODE,4096,0.12528711200158116,0
QODE,8192,0.11001048297496552,0
QODE,16000,0.10974899308416264,0
