alg,xval,yval,run
QNDE,1,0.41361180597108205,0
QNDE,2,0.3925050799047278,0
QNDE,4,0.37024558413229935,0
QNDE,8,0.3418714096176336,0
QNDE,16,0.30673868750390565,0
QNDE,32,0.30673868750390565,0
QNDE,64,0.29220111595561915,0
QNDE,128,0.29220111595561915,0
QNDE,256,0.26708477544901155,0
QNDE,512,0.210912504926419,0
QNDE,1024,0.1802309701821987,0
QNDE,2048,0.1512723598609912,0
QNDE,4096,0.1230337401682351,0
QNDE,8192,0.10975905868110714,0
QNDE,16000,0.10975905868110714,0
