alg,xval,yval,run
QNDE,1,0.3139637607625966,0
QNDE,2,0.3139637607625966,0
QNDE,4,0.3139637607625966,0
QNDE,8,0.3139637607625966,0
QNDE,16,0.3139637607625966,0
QNDE,32,0.30124587340588715,0
QNDE,64,0.25916367720273326,0
QNDE,128,0.25916367720273314,0
QNDE,256,0.24604857938685498,0
QNDE,512,0.2291363138206588,0
QNDE,1024,0.21324887166840545,0
QNDE,2048,0.19399866408552657,0
QNDE,4096,0.17994914016666896,0
QNDE,8192,0.17994914016666896,0
QNDE,16000,0.17994914016666896,0
