alg,xval,yval,run
DE,1,0.4046934863547146,0
DE,2,0.38732164423506177,0
DE,4,0.3863656713874053,0
DE,8,0.3863098250264877,0
DE,16,0.33079861574913494,0
DE,32,0.32431098454398066,0
DE,64,0.2990433746455209,0
DE,128,0.2848575465451241,0
DE,256,0.2635001265762862,0
DE,512,0.25076492896718516,0
DE,1024,0.21465614770157915,0
DE,2048,0.1801614505171112,0
DE,4096,0.15474042309371971,0
DE,8192,0.13086236018190622,0
DE,16000,0.13027020266366895,0
