alg,xval,yval,run
DE,1,0.318395137629242,0
DE,2,0.318395137629242,0
DE,4,0.318395137629242,0
DE,8,0.3095762176985499,0
DE,16,0.3095762176985499,0
DE,32,0.3095762176985499,0
DE,64,0.30175383205115625,0
DE,128,0.2835769609501968,0
DE,256,0.2770545499643188,0
DE,512,0.25963887478858116,0
DE,1024,0.24035194473608001,0
DE,2048,0.21716948029770122,0
DE,4096,0.19495964968845614,0
DE,8192,0.186814488901917,0
DE,16000,0.1860413176676472,0
