alg,xval,yval,run
DE,1,0.3617194201164591,0
DE,2,0.3617194201164591,0
DE,4,0.32680013132950303,0
DE,8,0.32680013132950303,0
DE,16,0.29908796051675846,0
DE,32,0.29339311382223787,0
DE,64,0.29339311382223787,0
DE,128,0.28169479580354506,0
DE,256,0.24775760434996397,0
DE,512,0.22698782419474406,0
DE,1024,0.19226500059295937,0
DE,2048,0.16707029049430522,0
DE,4096,0.1286741316194553,0
DE,8192,0.11689693127020928,0
DE,16000,0.11645557084250646,0
