alg,xval,yval,run
QODE,1,0.4112674049435169,0
QODE,2,0.3869565173678975,0
QODE,4,0.3869565173678975,0
QODE,8,0.3869565173678975,0
QODE,16,0.3227106276822058,0
QODE,32,0.3227106276822058,0
QODE,64,0.278419588679218,0
QODE,128,0.25976397282795727,0
QODE,256,0.25976397282795727,0
QODE,512,0.2153250783015147,0
QODE,1024,0.20051997216319994,0
QODE,2048,0.17620453253691026,0
QODE,4096,0.16066660838064495,0
QODE,8192,0.14907546132470928,0
QODE,16000,0.14423911164883363,0
