alg,xval,yval,run
QNDE,1,0.44298793607386644,0
QNDE,2,0.36791087680169854,0
QNDE,4,0.36791087680169854,0
QNDE,8,0.36306107678095323,0
QNDE,16,0.31793951103197093,0
QNDE,32,0.30336101894420975,0
QNDE,64,0.2628385008801676,0
QNDE,128,0.2628385008801676,0
QNDE,256,0.25050594221066547,0
QNDE,512,0.2277391887236767,0
QNDE,1024,0.18980481205734556,0
QNDE,2048,0.17426327083510107,0
QNDE,4096,0.13904001266192345,0
QNDE,8192,0.1188679976296807,0
QNDE,16000,0.1188679976296807,0
