alg,xval,yval,run
QNDE,1,0.3978953873812927,0
QNDE,2,0.37841752269610107,0
QNDE,4,0.37841752269610107,0
QNDE,8,0.3439374292178844,0
QNDE,16,0.32338957408347324,0
QNDE,32,0.32338957408347324,0
QNDE,64,0.2604806512623399,0
QNDE,128,0.2604806512623399,0
QNDE,256,0.25818079975515396,0
QNDE,512,0.24094071203495948,0
QNDE,1024,0.18948566880495565,0
QNDE,2048,0.15389115342359583,0
QNDE,4096,0.13867800871843228,0
QNDE,8192,0.12981584595267026,0
QNDE,16000,0.12981584595267026,0
