alg,xval,yval,run
QNDE,1,0.332657016692011,0
QNDE,2,0.332657016692011,0
QNDE,4,0.332657016692011,0
QNDE,8,0.2939295928643777,0
QNDE,16,0.2939295928643777,0
QNDE,32,0.2939295928643777,0
QNDE,64,0.27206804349147884,0
QNDE,128,0.2625267747797341,0
QNDE,256,0.2625267747797341,0
QNDE,512,0.24348253611984638,0
QNDE,1024,0.20455916569641863,0
QNDE,2048,0.1726221975131602,0
QNDE,4096,0.135963009941528,0
QNDE,8192,0.11321298834668392,0
QNDE,16000,0.11137424216174896,0
