alg,xval,yval,run
CMA,1,0.3787469027303393,0
CMA,2,0.3787469027303393,0
CMA,4,0.3782778119055983,0
CMA,8,0.36567242150507595,0
CMA,16,0.35632783303470916,0
CMA,32,0.32854902650325646,0
CMA,64,0.2841816031148291,0
CMA,128,0.2698162684842845,0
CMA,256,0.2520318540371592,0
CMA,512,0.20951585579718945,0
CMA,1024,0.1924717784252794,0
CMA,2048,0.1846368020436181,0
CMA,4096,0.18048007351812867,0
CMA,8192,0.17999426278500763,0
CMA,16000,0.17999036281083858,0
