alg,xval,yval,run
BFGS,1,0.44537179159556006,0
BFGS,2,0.44537179159556006,0
BFGS,4,0.44537179146323547,0
BFGS,8,0.4453717914228813,0
BFGS,16,0.4453717914228813,0
BFGS,32,0.44537179122303294,0
BFGS,64,0.43645165559551946,0
BFGS,128,0.37052555093482253,0
BFGS,256,0.328289777129648,0
BFGS,512,0.2580938232136145,0
BFGS,1024,0.17705288951725806,0
BFGS,2048,0.1607385513543126,0
BFGS,4096,0.15803487185903842,0
BFGS,8192,0.15631761663241428,0
BFGS,16000,0.15600208183746156,0
