alg,xval,yval,run
DE,1,0.36158738485880515,0
DE,2,0.36158738485880515,0
DE,4,0.36158738485880515,0
DE,8,0.3406349667700641,0
DE,16,0.2935123862939799,0
DE,32,0.2935123862939799,0
DE,64,0.2800950990959382,0
DE,128,0.2800950990959382,0
DE,256,0.22665227941290855,0
DE,512,0.2000011197020427,0
DE,1024,0.19353535000260047,0
DE,2048,0.15611422105360817,0
DE,4096,0.1316277054983218,0
DE,8192,0.12231293551615752,0
DE,16000,0.12152090221694967,0
