alg,xval,yval,run
QNDE,1,0.3463472732462173,0
QNDE,2,0.3463472732462173,0
QNDE,4,0.33845332437803655,0
QNDE,8,0.33845332437803655,0
QNDE,16,0.33845332437803655,0
QNDE,32,0.3350710369803763,0
QNDE,64,0.29432540472258495,0
QNDE,128,0.29432540472258495,0
QNDE,256,0.23792007713480023,0
QNDE,512,0.20655202195223554,0
QNDE,1024,0.19287861695716735,0
QNDE,2048,0.1709584028462292,0
QNDE,4096,0.12500132491199278,0
QNDE,8192,0.11621114322925674,0
QNDE,16000,0.11621114322925674,0
