alg,xval,yval,run
QODE,1,0.47316391148977577,0
QODE,2,0.41216207320393494,0
QODE,4,0.3767797253951932,0
QODE,8,0.3146797181876726,0
QODE,16,0.3146797181876726,0
QODE,32,0.3146797181876726,0
QODE,64,0.3146797181876726,0
QODE,128,0.2949740416909742,0
QODE,256,0.27041352124910156,0
QODE,512,0.21836128743910943,0
QODE,1024,0.2027193879894177,0
QODE,2048,0.16990253213166584,0
QODE,4096,0.13306385591150083,0
QODE,8192,0.11527241211943795,0
QODE,16000,0.11308117328006273,0
