alg,xval,yval,run
CMA,1,0.36240020709827336,0
CMA,2,0.3436874212649309,0
CMA,4,0.3391352779246526,0
CMA,8,0.3367956244791438,0
CMA,16,0.3367956244791438,0
CMA,32,0.3248891105330125,0
CMA,64,0.3190040452289631,0
CMA,128,0.29243704332006304,0
CMA,256,0.2527388461745629,0
CMA,512,0.23397088220989315,0
CMA,1024,0.21843017836890144,0
CMA,2048,0.21286486219418166,0
CMA,4096,0.20872539132695966,0
CMA,8192,0.20800137458596824,0
CMA,16000,0.20799890552125078,0
