alg,xval,yval,run
QNDE,1,0.3747989727175348,0
QNDE,2,0.3465161295782855,0
QNDE,4,0.3465161295782855,0
QNDE,8,0.33753935348842246,0
QNDE,16,0.33753935348842246,0
QNDE,32,0.31610160334779436,0
QNDE,64,0.3019645853799595,0
QNDE,128,0.26511010468422747,0
QNDE,256,0.25483818827738636,0
QNDE,512,0.23289993227959582,0
QNDE,1024,0.19809106508267504,0
QNDE,2048,0.1823632654295977,0
QNDE,4096,0.12363109764668512,0
QNDE,8192,0.1138708535470111,0
QNDE,16000,0.1138708535470111,0
