alg,xval,yval,run
QODE,1,0.35974050904694355,0
QODE,2,0.35974050904694355,0
QODE,4,0.35974050904694355,0
QODE,8,0.35974050904694355,0
QODE,16,0.35523340216211996,0
QODE,32,0.29713645238825215,0
QODE,64,0.29713645238825215,0
QODE,128,0.29563520697695833,0
QODE,256,0.2659390542624964,0
QODE,512,0.23710527546803017,0
QODE,1024,0.21753625440504332,0
QODE,2048,0.18077573570081096,0
QODE,4096,0.13597496836941492,0
QODE,8192,0.12216240235798115,0
QODE,16000,0.12187421649161978,0
