alg,xval,yval,run
DE,1,0.46304170904124264,0
DE,2,0.46304170904124264,0
DE,4,0.40855729168358046,0
DE,8,0.40855729168358046,0
DE,16,0.40855729168358046,0
DE,32,0.37967624885053874,0
DE,64,0.36397128439528625,0
DE,128,0.3142795485427442,0
DE,256,0.2736836820407943,0
DE,512,0.24820710187280892,0
DE,1024,0.21903959340795343,0
DE,2048,0.20408671678761325,0
DE,4096,0.18075329962564302,0
DE,8192,0.17328165786469252,0
DE,16000,0.17315743631092984,0
