alg,xval,yval,run
QODE,1,0.4417650464689715,0
QODE,2,0.33385211978475837,0
QODE,4,0.33385211978475837,0
QODE,8,0.33385211978475837,0
QODE,16,0.3022408234407781,0
QODE,32,0.29335887578543285,0
QODE,64,0.2828391034712139,0
QODE,128,0.256009683798728,0
QODE,256,0.25039579193015526,0
QODE,512,0.2330702037943283,0
QODE,1024,0.1778791369737539,0
QODE,2048,0.15496882302435078,0
QODE,4096,0.12179673205181718,0
QODE,8192,0.11504876784259743,0
QODE,16000,0.11416209999447147,0
