alg,xval,yval,run
CMA,1,0.37944459594246105,0
CMA,2,0.3551775070594342,0
CMA,4,0.34809207639473627,0
CMA,8,0.34809207639473627,0
CMA,16,0.34809207639473627,0
CMA,32,0.31128711345236704,0
CMA,64,0.2861503161116442,0
CMA,128,0.2402422999054663,0
CMA,256,0.2100592283453011,0
CMA,512,0.19114306865829034,0
CMA,1024,0.18344302970861182,0
CMA,2048,0.1773540172558823,0
CMA,4096,0.17497050047091967,0
CMA,8192,0.17471251197817983,0
CMA,16000,0.17471233108731932,0
