alg,xval,yval,run
CMA,1,0.3815535559493731,0
CMA,2,0.3815535559493731,0
CMA,4,0.3624829771410891,0
CMA,8,0.3624829771410891,0
CMA,16,0.3513389089980252,0
CMA,32,0.3346966769987464,0
CMA,64,0.31878626584149117,0
CMA,128,0.30222796677105757,0
CMA,256,0.24457265466418,0
CMA,512,0.21366611617854292,0
CMA,1024,0.2065519731438068,0
CMA,2048,0.19065863439410036,0
CMA,4096,0.18305509738547732,0
CMA,8192,0.1829292223005059,0
CMA,16000,0.18292867570436466,0
