alg,xval,yval,run
CMA,1,0.362767782362714,0
CMA,2,0.34898146198337077,0
CMA,4,0.34898146198337077,0
CMA,8,0.34797326821584373,0
CMA,16,0.3381743802771793,0
CMA,32,0.32421654063200633,0
CMA,64,0.3101740588088482,0
CMA,128,0.28695824261845393,0
CMA,256,0.26433811144843167,0
CMA,512,0.24592873476314403,0
CMA,1024,0.22689939754441457,0
CMA,2048,0.2170564829223517,0
CMA,4096,0.2156925117833851,0
CMA,8192,0.21562730968856847,0
CMA,16000,0.21562360737674313,0
