alg,xval,yval,run
QODE,1,0.3308590513605727,0
QODE,2,0.3308590513605727,0
QODE,4,0.3308590513605727,0
QODE,8,0.3308590513605727,0
QODE,16,0.30480330090848307,0
QODE,32,0.29659861046758473,0
QODE,64,0.29659861046758473,0
QODE,128,0.27952163817457476,0
QODE,256,0.24656509054614995,0
QODE,512,0.23798415313727783,0
QODE,1024,0.2186416593745829,0
QODE,2048,0.191981467569888,0
QODE,4096,0.15600554869370897,0
QODE,8192,0.12205566355505937,0
QODE,16000,0.12105632867371174,0
