alg,xval,yval,run
QNDE,1,0.3855539640404416,0
QNDE,2,0.32659781962913903,0
QNDE,4,0.32659781962913903,0
QNDE,8,0.31651353791206305,0
QNDE,16,0.31651353791206305,0
QNDE,32,0.27833776124052956,0
QNDE,64,0.27833776124052956,0
QNDE,128,0.2644208107975671,0
QNDE,256,0.2422918013497951,0
QNDE,512,0.22720959497634696,0
QNDE,1024,0.17789221777169917,0
QNDE,2048,0.14392754268925323,0
QNDE,4096,0.1204896642522324,0
QNDE,8192,0.11295267872155768,0
QNDE,16000,0.11295267872155768,0
