alg,xval,yval,run
QNDE,1,0.37692525680681743,0
QNDE,2,0.3489656836479119,0
QNDE,4,0.3489656836479119,0
QNDE,8,0.3489656836479119,0
QNDE,16,0.3489656836479119,0
QNDE,32,0.3393445622893133,0
QNDE,64,0.3361930839787919,0
QNDE,128,0.3037539158426753,0
QNDE,256,0.27123940353905907,0
QNDE,512,0.23743022394592217,0
QNDE,1024,0.19605792114492837,0
QNDE,2048,0.16286184156240746,0
QNDE,4096,0.13389063680232782,0
QNDE,8192,0.11834573498500045,0
QNDE,16000,0.11834573498500045,0
