alg,xval,yval,run
CMA,1,0.3759680928728283,0
CMA,2,0.35655005818143637,0
CMA,4,0.35655005818143637,0
CMA,8,0.3407152972558346,0
CMA,16,0.3318018867033924,0
CMA,32,0.3042799939183789,0
CMA,64,0.2858498512925741,0
CMA,128,0.25914500365519444,0
CMA,256,0.22075964003432202,0
CMA,512,0.20649586865527825,0
CMA,1024,0.1901947470467953,0
CMA,2048,0.18353073770493566,0
CMA,4096,0.18223883317878475,0
CMA,8192,0.1821673180343416,0
CMA,16000,0.18216718165593282,0
