alg,xval,yval,run
CMA,1,0.3567888977704594,0
CMA,2,0.3567888977704594,0
CMA,4,0.3567888977704594,0
CMA,8,0.3567888977704594,0
CMA,16,0.31387359692506656,0
CMA,32,0.29606597869255813,0
CMA,64,0.2880120589683315,0
CMA,128,0.2663287926049328,0
CMA,256,0.22919930682964362,0
CMA,512,0.21520353222543365,0
CMA,1024,0.18784625542224498,0
CMA,2048,0.17504438019542423,0
CMA,4096,0.17391640453537893,0
CMA,8192,0.17341759269172163,0
CMA,16000,0.17341729990478527,0
