alg,xval,yval,run
BFGS,1,0.4205091747499058,0
BFGS,2,0.4205091747499058,0
BFGS,4,0.4205091745924886,0
BFGS,8,0.4205091745835615,0
BFGS,16,0.4205091745628132,0
BFGS,32,0.42050917436440105,0
BFGS,64,0.41764008179137635,0
BFGS,128,0.3665516660603192,0
BFGS,256,0.3594253418877744,0
BFGS,512,0.26168190182148265,0
BFGS,1024,0.19612048460897646,0
BFGS,2048,0.1819711402572638,0
BFGS,4096,0.17847894406228026,0
BFGS,8192,0.17846129991757975,0
BFGS,16000,0.14853255566145784,0
