alg,xval,yval,run
QNDE,1,0.48143095578335404,0
QNDE,2,0.33669740933590575,0
QNDE,4,0.33669740933590575,0
QNDE,8,0.33669740933590575,0
QNDE,16,0.33669740933590575,0
QNDE,32,0.2770789012987135,0
QNDE,64,0.2770789012987135,0
QNDE,128,0.26474548241612217,0
QNDE,256,0.24816629523120926,0
QNDE,512,0.24816629523120926,0
QNDE,1024,0.2203885871534491,0
QNDE,2048,0.20435920853720102,0
QNDE,4096,0.13534492236092277,0
QNDE,8192,0.11016007388649507,0
QNDE,16000,0.11016007388649507,0
