alg,xval,yval,run
CMA,1,0.3952356158114325,0
CMA,2,0.3749043535416272,0
CMA,4,0.3719934934322814,0
CMA,8,0.3686872292509611,0
CMA,16,0.3452829879765805,0
CMA,32,0.33094734768428324,0
CMA,64,0.2732551323601049,0
CMA,128,0.2507497202729875,0
CMA,256,0.18375670683440115,0
CMA,512,0.15154644816525042,0
CMA,1024,0.13171535527631073,0
CMA,2048,0.13041271465866722,0
CMA,4096,0.1266389060398041,0
CMA,8192,0.12619438314456877,0
CMA,16000,0.1261484783359318,0
