alg,xval,yval,run
BFGS,1,0.35908281645015894,0
BFGS,2,0.3590828163747173,0
BFGS,4,0.35908281634132044,0
BFGS,8,0.3590828163246086,0
BFGS,16,0.3590828163246086,0
BFGS,32,0.35908281612952164,0
BFGS,64,0.3541302660243255,0
BFGS,128,0.3125565915928704,0
BFGS,256,0.269190790088887,0
BFGS,512,0.2334329370643793,0
BFGS,1024,0.1649968082620742,0
BFGS,2048,0.1284896421376609,0
BFGS,4096,0.12523831473558322,0
BFGS,8192,0.12462402324238753,0
BFGS,16000,0.12461672966526371,0
