alg,xval,yval,run
QNDE,1,0.2732193879762512,0
QNDE,2,0.24102726519855788,0
QNDE,4,0.24102726519855788,0
QNDE,8,0.2274985706720416,0
QNDE,16,0.18768856347689644,0
QNDE,32,0.18768856347689644,0
QNDE,64,0.18768856347689644,0
QNDE,128,0.16411286688777138,0
QNDE,256,0.14775202671019005,0
QNDE,512,0.1277111462895445,0
QNDE,1024,0.12315598093235913,0
QNDE,2048,0.11088967699318164,0
QNDE,4096,0.11031600930600005,0
QNDE,5000,0.11031600930600005,0
