alg,xval,yval,run
CMA,1,0.2627591558888178,0
CMA,2,0.2627591558888178,0
CMA,4,0.2627591558888178,0
CMA,8,0.2577130730154791,0
CMA,16,0.24487048326129213,0
CMA,32,0.16374568121275113,0
CMA,64,0.12918319808766576,0
CMA,128,0.12464393122154971,0
CMA,256,0.12128547286364322,0
CMA,512,0.12084157512426918,0
CMA,1024,0.12083798907604426,0
CMA,2048,0.12083798873919771,0
CMA,4096,0.12083798873919771,0
CMA,5000,0.12083798873919771,0
