alg,xval,yval,run
BFGS,1,0.23914513149732264,0
BFGS,2,0.23914513149732264,0
BFGS,4,0.23914513125967707,0
BFGS,8,0.23914513125967707,0
BFGS,16,0.22917718347797278,0
BFGS,32,0.19453793083998272,0
BFGS,64,0.18204490894775094,0
BFGS,128,0.15785238039845295,0
BFGS,256,0.14425540578052376,0
BFGS,512,0.14125449716924943,0
BFGS,1024,0.14090265459682427,0
BFGS,2048,0.1409023788680186,0
BFGS,4096,0.1366413969048098,0
BFGS,5000,0.11611448229397858,0
