alg,xval,yval,run
QNDE,1,0.29950726760265944,0
QNDE,2,0.2669672792733194,0
QNDE,4,0.2669672792733194,0
QNDE,8,0.18736428927635373,0
QNDE,16,0.18736428927635373,0
QNDE,32,0.18736428927635373,0
QNDE,64,0.18493974698265436,0
QNDE,128,0.18493974698265436,0
QNDE,256,0.17156846383200364,0
QNDE,512,0.14796095764881534,0
QNDE,1024,0.1304694243771488,0
QNDE,2048,0.12105933748197417,0
QNDE,4096,0.11994747975093911,0
QNDE,5000,0.11590817849001156,0
