alg,xval,yval,run
CMA,1,0.23233345529920846,0
CMA,2,0.23233345529920846,0
CMA,4,0.2285278162611435,0
CMA,8,0.2285278162611435,0
CMA,16,0.1863744576368901,0
CMA,32,0.17718216433197043,0
CMA,64,0.1512182264457388,0
CMA,128,0.13184518900453135,0
CMA,256,0.1234587412755419,0
CMA,512,0.12261741250656055,0
CMA,1024,0.12261300766456462,0
CMA,2048,0.1226128814399694,0
CMA,4096,0.1123500196952485,0
CMA,5000,0.11235001806243383,0
