alg,xval,yval,run
DE,1,0.26052172852572353,0
DE,2,0.26052172852572353,0
DE,4,0.26052172852572353,0
DE,8,0.22573718035600865,0
DE,16,0.22573718035600865,0
DE,32,0.22104070902567097,0
DE,64,0.21317172144636165,0
DE,128,0.21317172144636165,0
DE,256,0.19679163720116077,0
DE,512,0.185255190186708,0
DE,1024,0.17859827319278732,0
DE,2048,0.17432384242538768,0
DE,4096,0.1733368149141763,0
DE,5000,0.1733368149141763,0
