alg,xval,yval,run
QODE,1,0.23634155295450276,0
QODE,2,0.2223321344866248,0
QODE,4,0.2223321344866248,0
QODE,8,0.2223321344866248,0
QODE,16,0.2223321344866248,0
QODE,32,0.2223321344866248,0
QODE,64,0.1797034154480548,0
QODE,128,0.16076752624805535,0
QODE,256,0.14254298929061293,0
QODE,512,0.1287833116383551,0
QODE,1024,0.12503018088349005,0
QODE,2048,0.11853726714948176,0
QODE,4096,0.11707880570332718,0
QODE,5000,0.11706935679367181,0
