alg,xval,yval,run
BFGS,1,0.258424689086567,0
BFGS,2,0.258424689086567,0
BFGS,4,0.258424689086567,0
BFGS,8,0.25842468894211756,0
BFGS,16,0.25288793382073094,0
BFGS,32,0.2313473911833921,0
BFGS,64,0.19749942660203523,0
BFGS,128,0.15904348172128868,0
BFGS,256,0.1462754488106448,0
BFGS,512,0.14384390161279847,0
BFGS,1024,0.1426415720724502,0
BFGS,2048,0.14090238467531846,0
BFGS,4096,0.11717879653091945,0
BFGS,5000,0.11716468756376008,0
