alg,xval,yval,run
DE,1,0.28736596713757623,0
DE,2,0.2568234102366215,0
DE,4,0.2568234102366215,0
DE,8,0.22325245675522598,0
DE,16,0.1776681944071563,0
DE,32,0.1776681944071563,0
DE,64,0.1776681944071563,0
DE,128,0.15363512656161848,0
DE,256,0.15363512656161848,0
DE,512,0.14101646235031418,0
DE,1024,0.1355807014533691,0
DE,2048,0.1355807014533691,0
DE,4096,0.1338051993590068,0
DE,5000,0.1338051993590068,0
