alg,xval,yval,run
QNDE,1,0.30010349347227183,0
QNDE,2,0.20097314315122305,0
QNDE,4,0.20097314315122305,0
QNDE,8,0.19977955449624418,0
QNDE,16,0.19977955449624418,0
QNDE,32,0.19977955449624418,0
QNDE,64,0.1937937676259961,0
QNDE,128,0.16995250615846802,0
QNDE,256,0.14741689502404076,0
QNDE,512,0.14032655819050677,0
QNDE,1024,0.12135927891721121,0
QNDE,2048,0.11327290799941059,0
QNDE,4096,0.11157602988282367,0
QNDE,5000,0.11157602988282367,0
