alg,xval,yval,run
QODE,1,0.2706876887200311,0
QODE,2,0.19015239691610308,0
QODE,4,0.19015239691610308,0
QODE,8,0.1885619511605976,0
QODE,16,0.1885619511605976,0
QODE,32,0.1885619511605976,0
QODE,64,0.18188512927611689,0
QODE,128,0.143174325724436,0
QODE,256,0.14028139092200853,0
QODE,512,0.13224114674389553,0
QODE,1024,0.12581450270072114,0
QODE,2048,0.12581450270072114,0
QODE,4096,0.12288677998690112,0
QODE,5000,0.12288677998690112,0
