alg,xval,yval,run
CMA,1,0.23182564749821233,0
CMA,2,0.17719276488799396,0
CMA,4,0.17719276488799396,0
CMA,8,0.17719276488799396,0
CMA,16,0.17719276488799396,0
CMA,32,0.15904178275253733,0
CMA,64,0.13661013617968887,0
CMA,128,0.12840542279565026,0
CMA,256,0.12355614742374388,0
CMA,512,0.12316735464040796,0
CMA,1024,0.12310391756745687,0
CMA,2048,0.12310368365306079,0
CMA,4096,0.11795669421561517,0
CMA,5000,0.1179566696591603,0
