alg,xval,yval,run
QODE,1,0.25462666800817135,0
QODE,2,0.25462666800817135,0
QODE,4,0.23489661781836857,0
QODE,8,0.2012862723111376,0
QODE,16,0.1737615100455887,0
QODE,32,0.1737615100455887,0
QODE,64,0.1737615100455887,0
QODE,128,0.15742681851962026,0
QODE,256,0.13532586374735833,0
QODE,512,0.12562763350506279,0
QODE,1024,0.12374050640770173,0
QODE,2048,0.12374050640770173,0
QODE,4096,0.12072423129245557,0
QODE,5000,0.11981353389043037,0
