alg,xval,yval,run
BFGS,1,0.24971692961461467,0
BFGS,2,0.24971692961461467,0
BFGS,4,0.24971692958188374,0
BFGS,8,0.24971692941154888,0
BFGS,16,0.23977495876579968,0
BFGS,32,0.20751651896248524,0
BFGS,64,0.1925631137115409,0
BFGS,128,0.17165362125053119,0
BFGS,256,0.15509468277473282,0
BFGS,512,0.14851129225058302,0
BFGS,1024,0.13713877946142927,0
BFGS,2048,0.13677568327391654,0
BFGS,4096,0.13677568327391654,0
BFGS,5000,0.1127312107843974,0
