alg,xval,yval,run
CMA,1,0.24957049302817547,0
CMA,2,0.24957049302817547,0
CMA,4,0.24957049302817547,0
CMA,8,0.24957049302817547,0
CMA,16,0.24957049302817547,0
CMA,32,0.22599277029897658,0
CMA,64,0.20698035688644,0
CMA,128,0.19541772323540307,0
CMA,256,0.1849727557729215,0
CMA,512,0.18290027037519818,0
CMA,1024,0.18227151980273215,0
CMA,2048,0.18226507629853583,0
CMA,4096,0.18038264941871474,0
CMA,5000,0.18025121361134755,0
