alg,xval,yval,run
QODE,1,0.20637139318548203,0
QODE,2,0.20637139318548203,0
QODE,4,0.20637139318548203,0
QODE,8,0.20637139318548203,0
QODE,16,0.20637139318548203,0
QODE,32,0.20637139318548203,0
QODE,64,0.20637139318548203,0
QODE,128,0.20637139318548203,0
QODE,256,0.1692965944206294,0
QODE,512,0.12456629515273665,0
QODE,1024,0.12123428554592774,0
QODE,2048,0.11151368020587571,0
QODE,4096,0.1096485172454903,0
QODE,5000,0.10960963561965253,0
