alg,xval,yval,run
CMA,1,0.3187850106688007,0
CMA,2,0.3187850106688007,0
CMA,4,0.28801926998512717,0
CMA,8,0.24426682118986465,0
CMA,16,0.2221571013520226,0
CMA,32,0.207350252554811,0
CMA,64,0.16987420169566714,0
CMA,128,0.14870089221713123,0
CMA,256,0.1417958843368362,0
CMA,512,0.1410202441248426,0
CMA,1024,0.1409768897960838,0
CMA,2048,0.14095672382863123,0
CMA,4096,0.1409567093657772,0
CMA,5000,0.1409567093657772,0
