alg,xval,yval,run
CMA,1,0.2737266436806056,0
CMA,2,0.2737266436806056,0
CMA,4,0.2682787316393147,0
CMA,8,0.23254735219477152,0
CMA,16,0.21909243344758933,0
CMA,32,0.20457480162900976,0
CMA,64,0.20457480162900976,0
CMA,128,0.19315650852987898,0
CMA,256,0.18818802643800214,0
CMA,512,0.18760406786959782,0
CMA,1024,0.1874908728614948,0
CMA,2048,0.18633517496547047,0
CMA,4096,0.18633330022875816,0
CMA,5000,0.18288747504406466,0
