alg,xval,yval,run
DE,1,0.29114635365866404,0
DE,2,0.29114635365866404,0
DE,4,0.22889917231766788,0
DE,8,0.22889917231766788,0
DE,16,0.22889917231766788,0
DE,32,0.1931167833427716,0
DE,64,0.18170105706403405,0
DE,128,0.17573022231645452,0
DE,256,0.17143039738459442,0
DE,512,0.14865925107974232,0
DE,1024,0.14806989782310287,0
DE,2048,0.14007415457240247,0
DE,4096,0.13600352481406353,0
DE,5000,0.13575083727051274,0
