alg,xval,yval,run
DE,1,0.2612414973416638,0
DE,2,0.2612414973416638,0
DE,4,0.2612414973416638,0
DE,8,0.25697319174422195,0
DE,16,0.24688507780262192,0
DE,32,0.23886835848594867,0
DE,64,0.23886835848594867,0
DE,128,0.23620822012432918,0
DE,256,0.22163531037160034,0
DE,512,0.211842417556796,0
DE,1024,0.18590647740952004,0
DE,2048,0.18344063068459593,0
DE,4096,0.18317496670099043,0
DE,5000,0.18317496670099043,0
