alg,xval,yval,run
QODE,1,0.2396760723417728,0
QODE,2,0.2396760723417728,0
QODE,4,0.2396760723417728,0
QODE,8,0.2396760723417728,0
QODE,16,0.20509152035452005,0
QODE,32,0.19588754634168648,0
QODE,64,0.17847146596642705,0
QODE,128,0.17677352275915614,0
QODE,256,0.1430055533964325,0
QODE,512,0.1319186059359011,0
QODE,1024,0.12326941070434638,0
QODE,2048,0.11649447841627436,0
QODE,4096,0.11393534040626829,0
QODE,5000,0.11389292643117632,0
