alg,xval,yval,run
QODE,1,0.22474512483205178,0
QODE,2,0.22474512483205178,0
QODE,4,0.22474512483205178,0
QODE,8,0.17650761607162235,0
QODE,16,0.17650761607162235,0
QODE,32,0.17650761607162235,0
QODE,64,0.17650761607162235,0
QODE,128,0.15552210615958872,0
QODE,256,0.1399954309503063,0
QODE,512,0.13162094909918765,0
QODE,1024,0.12243679081310777,0
QODE,2048,0.11410888675055986,0
QODE,4096,0.11236569626409454,0
QODE,5000,0.11235405879464888,0
