alg,xval,yval,run
QNDE,1,0.21462835952893244,0
QNDE,2,0.19256685935240725,0
QNDE,4,0.19256685935240725,0
QNDE,8,0.19256685935240725,0
QNDE,16,0.19256685935240725,0
QNDE,32,0.15523533840490256,0
QNDE,64,0.15523533840490256,0
QNDE,128,0.15159361716949082,0
QNDE,256,0.1375062152612001,0
QNDE,512,0.13209216464076612,0
QNDE,1024,0.12244066019280853,0
QNDE,2048,0.11839363495372812,0
QNDE,4096,0.11672036862652713,0
QNDE,5000,0.11672036862652713,0
