alg,xval,yval,run
BFGS,1,0.17542852926077124,0
BFGS,2,0.17542852926077124,0
BFGS,4,0.17542852921649588,0
BFGS,8,0.17542852921649588,0
BFGS,16,0.17344684419740497,0
BFGS,32,0.17023484625035235,0
BFGS,64,0.16742551998688937,0
BFGS,128,0.1570132783810867,0
BFGS,256,0.14817264152260057,0
BFGS,512,0.14408463843579633,0
BFGS,1024,0.12336032591877455,0
BFGS,2048,0.12330132766350144,0
BFGS,4096,0.12330132766350144,0
BFGS,5000,0.12330132766350144,0
