alg,xval,yval,run
BFGS,1,0.31666255670520393,0
BFGS,2,0.31666255670520393,0
BFGS,4,0.31666255662254494,0
BFGS,8,0.3166625562247052,0
BFGS,16,0.31171962308389833,0
BFGS,32,0.2902235398124179,0
BFGS,64,0.20262357828292887,0
BFGS,128,0.18737852875526428,0
BFGS,256,0.1780697072133609,0
BFGS,512,0.17089086887145133,0
BFGS,1024,0.17040750547096561,0
BFGS,2048,0.1704074883165846,0
BFGS,4096,0.1704074883165846,0
BFGS,5000,0.1704074883165846,0
