alg,xval,yval,run
BFGS,1,0.28100808543889066,0
BFGS,2,0.28100808543889066,0
BFGS,4,0.28100808530119503,0
BFGS,8,0.28100808530119503,0
BFGS,16,0.2768422639459741,0
BFGS,32,0.26093496652714365,0
BFGS,64,0.22496288023392297,0
BFGS,128,0.17387179993443203,0
BFGS,256,0.14568239412814266,0
BFGS,512,0.13582399363384212,0
BFGS,1024,0.13447445068265995,0
BFGS,2048,0.13447397301252484,0
BFGS,4096,0.13023868195272092,0
BFGS,5000,0.13023373702415486,0
