alg,xval,yval,run
QNDE,1,0.2857134592431738,0
QNDE,2,0.24269447445166414,0
QNDE,4,0.23171321829065428,0
QNDE,8,0.23171321829065428,0
QNDE,16,0.21227159991373223,0
QNDE,32,0.21227159991373223,0
QNDE,64,0.18035426944955646,0
QNDE,128,0.17963184624542905,0
QNDE,256,0.14056322383716702,0
QNDE,512,0.14056322383716702,0
QNDE,1024,0.131250675092635,0
QNDE,2048,0.11913648495606266,0
QNDE,4096,0.11856186751415032,0
QNDE,5000,0.11856186751415032,0
