alg,xval,yval,run
BFGS,1,0.2420657257874247,0
BFGS,2,0.2420657257874247,0
BFGS,4,0.24206572559529826,0
BFGS,8,0.24206572559529826,0
BFGS,16,0.23516347404905558,0
BFGS,32,0.2141344529918473,0
BFGS,64,0.18934944589264135,0
BFGS,128,0.14851677885940218,0
BFGS,256,0.1374716154400103,0
BFGS,512,0.1348755409972502,0
BFGS,1024,0.1345736014067377,0
BFGS,2048,0.1345730947528655,0
BFGS,4096,0.11208644656730249,0
BFGS,5000,0.1120864465672996,0
