alg,xval,yval,run
CMA,1,0.2303276496252803,0
CMA,2,0.22262683925744098,0
CMA,4,0.21025380690229978,0
CMA,8,0.2080652094616181,0
CMA,16,0.20328774124112747,0
CMA,32,0.1944998765657895,0
CMA,64,0.18898373319429607,0
CMA,128,0.18170659885464668,0
CMA,256,0.18142629525814613,0
CMA,512,0.1805665502847974,0
CMA,1024,0.17715208470423116,0
CMA,2048,0.1770615056214443,0
CMA,4096,0.17705295040648572,0
CMA,5000,0.17705295037530477,0
