alg,xval,yval,run
QODE,1,0.25122585923786533,0
QODE,2,0.24009264764754745,0
QODE,4,0.24009264764754745,0
QODE,8,0.2360457539242119,0
QODE,16,0.22220460218903904,0
QODE,32,0.20546494888281763,0
QODE,64,0.16815253639769667,0
QODE,128,0.16815253639769667,0
QODE,256,0.15255566333780668,0
QODE,512,0.136141141165537,0
QODE,1024,0.12358205188244431,0
QODE,2048,0.11234956169597976,0
QODE,4096,0.11147843277293257,0
QODE,5000,0.11147843277293257,0
