alg,xval,yval,run
CMA,1,0.22145751504774625,0
CMA,2,0.22145751504774625,0
CMA,4,0.1912095620226245,0
CMA,8,0.18175277244229116,0
CMA,16,0.17623015553968746,0
CMA,32,0.17082914391482495,0
CMA,64,0.1620928385495527,0
CMA,128,0.14530928904905882,0
CMA,256,0.13739359820002905,0
CMA,512,0.13674908812622,0
CMA,1024,0.1366447707635423,0
CMA,2048,0.13664139160234878,0
CMA,4096,0.13664138752162114,0
CMA,5000,0.13664138752162114,0
