alg,xval,yval,run
BFGS,1,0.25144958156835373,0
BFGS,2,0.25144958135550943,0
BFGS,4,0.25144958135550943,0
BFGS,8,0.25144958094946757,0
BFGS,16,0.24685776225844847,0
BFGS,32,0.2296170948608186,0
BFGS,64,0.20622582335823014,0
BFGS,128,0.1858498487829755,0
BFGS,256,0.18121491655445854,0
BFGS,512,0.17811714458279015,0
BFGS,1024,0.17697231385175638,0
BFGS,2048,0.17697208612581306,0
BFGS,4096,0.16865189586303841,0
BFGS,5000,0.16856312248605332,0
