alg,xval,yval,run
DE,1,0.2542254458583856,0
DE,2,0.2542254458583856,0
DE,4,0.2542254458583856,0
DE,8,0.23755361037608103,0
DE,16,0.23755361037608103,0
DE,32,0.23158753164580792,0
DE,64,0.20595104468335101,0
DE,128,0.19895412313478178,0
DE,256,0.1911365569126915,0
DE,512,0.18512271627613297,0
DE,1024,0.17606389870068795,0
DE,2048,0.17230890615187733,0
DE,4096,0.17046398490025094,0
DE,5000,0.1691394110672797,0
