alg,xval,yval,run
BFGS,1,0.313508284666312,0
BFGS,2,0.3135082842314675,0
BFGS,4,0.3135082842314675,0
BFGS,8,0.3135082842314675,0
BFGS,16,0.3105756658544381,0
BFGS,32,0.2989687961490174,0
BFGS,64,0.2383370799625264,0
BFGS,128,0.19403418463017796,0
BFGS,256,0.1864583662490833,0
BFGS,512,0.18170773354140013,0
BFGS,1024,0.18090633572197246,0
BFGS,2048,0.1780292354806693,0
BFGS,4096,0.17462811115610533,0
BFGS,5000,0.17462811068904793,0
