alg,xval,yval,run
DE,1,0.28917071888710066,0
DE,2,0.27110740440591563,0
DE,4,0.27110740440591563,0
DE,8,0.254052692553035,0
DE,16,0.21584971824099308,0
DE,32,0.1941912671999163,0
DE,64,0.17262338366665375,0
DE,128,0.16930235682845307,0
DE,256,0.15364762153013356,0
DE,512,0.14075389326762333,0
DE,1024,0.13262655436577309,0
DE,2048,0.12522637837481077,0
DE,4096,0.12303322186180066,0
DE,5000,0.12303322186180066,0
