alg,xval,yval,run
QNDE,1,0.278718678234278,0
QNDE,2,0.2355283529964024,0
QNDE,4,0.2355283529964024,0
QNDE,8,0.2355283529964024,0
QNDE,16,0.22615654097791849,0
QNDE,32,0.17832518099139683,0
QNDE,64,0.17832518099139683,0
QNDE,128,0.17177006613466317,0
QNDE,256,0.1484329754271988,0
QNDE,512,0.13297683475108757,0
QNDE,1024,0.12732030383968118,0
QNDE,2048,0.11720852094244139,0
QNDE,4096,0.11681000676964004,0
QNDE,5000,0.11681000676964004,0
