alg,xval,yval,run
QNDE,1,0.35641775248702057,0
QNDE,2,0.1881598178412447,0
QNDE,4,0.1881598178412447,0
QNDE,8,0.1881598178412447,0
QNDE,16,0.1881598178412447,0
QNDE,32,0.1804700044802352,0
QNDE,64,0.1804700044802352,0
QNDE,128,0.1763447745050547,0
QNDE,256,0.14865154332696118,0
QNDE,512,0.12639908035303493,0
QNDE,1024,0.1229795172768432,0
QNDE,2048,0.11695781516027037,0
QNDE,4096,0.11695781516027037,0
QNDE,5000,0.11695781516027037,0
