alg,xval,yval,run
QNDE,1,0.3349270922665455,0
QNDE,2,0.2587762849977332,0
QNDE,4,0.2587762849977332,0
QNDE,8,0.18060021586683317,0
QNDE,16,0.18060021586683317,0
QNDE,32,0.18060021586683317,0
QNDE,64,0.18060021586683317,0
QNDE,128,0.1628149834017828,0
QNDE,256,0.1572222006958508,0
QNDE,512,0.14656896380628925,0
QNDE,1024,0.1253567959385422,0
QNDE,2048,0.11463648204845289,0
QNDE,4096,0.11424501147535282,0
QNDE,5000,0.11424501147535282,0
