alg,xval,yval,run
CMA,1,0.26110457567184686,0
CMA,2,0.26110457567184686,0
CMA,4,0.2597722523436574,0
CMA,8,0.2295703525376942,0
CMA,16,0.2295703525376942,0
CMA,32,0.22107064921653508,0
CMA,64,0.201955072603082,0
CMA,128,0.17690480606666836,0
CMA,256,0.17143477525153883,0
CMA,512,0.17044471440100117,0
CMA,1024,0.17042011996349438,0
CMA,2048,0.1704176335035088,0
CMA,4096,0.17041763234787788,0
CMA,5000,0.17041763234787788,0
