alg,xval,yval,run
DE,1,0.28613428478050607,0
DE,2,0.26740855969122146,0
DE,4,0.26740855969122146,0
DE,8,0.213656151135726,0
DE,16,0.213656151135726,0
DE,32,0.213656151135726,0
DE,64,0.19612806607351907,0
DE,128,0.16654820343362708,0
DE,256,0.16654820343362708,0
DE,512,0.15754888726012362,0
DE,1024,0.1548919867728482,0
DE,2048,0.1538224770443739,0
DE,4096,0.153700252766799,0
DE,5000,0.153700252766799,0
