alg,xval,yval,run
QODE,1,0.2909880309607714,0
QODE,2,0.25633384765721867,0
QODE,4,0.25159529585803675,0
QODE,8,0.25159529585803675,0
QODE,16,0.17559352443040344,0
QODE,32,0.17559352443040344,0
QODE,64,0.17559352443040344,0
QODE,128,0.17559352443040344,0
QODE,256,0.15837669970798496,0
QODE,512,0.14367703852050173,0
QODE,1024,0.13003034145942105,0
QODE,2048,0.11225196638810286,0
QODE,4096,0.1116323755458184,0
QODE,5000,0.11162693698415727,0
