alg,xval,yval,run
BFGS,1,0.23171260360212476,0
BFGS,2,0.23171260360212476,0
BFGS,4,0.23171260360212476,0
BFGS,8,0.2317126032954403,0
BFGS,16,0.2295444218797973,0
BFGS,32,0.22147185694752936,0
BFGS,64,0.20844571907693554,0
BFGS,128,0.1845470420439751,0
BFGS,256,0.1383012847537035,0
BFGS,512,0.12739847915646108,0
BFGS,1024,0.1273984272626707,0
BFGS,2048,0.11864693005878979,0
BFGS,4096,0.11532113481742046,0
BFGS,5000,0.11531501272828815,0
