alg,xval,yval,run
DE,1,0.2058620144825024,0
DE,2,0.2058620144825024,0
DE,4,0.2058620144825024,0
DE,8,0.2058620144825024,0
DE,16,0.20234176586957042,0
DE,32,0.17259269532195665,0
DE,64,0.17259269532195665,0
DE,128,0.1526761801066655,0
DE,256,0.13990900856971777,0
DE,512,0.12763743907582226,0
DE,1024,0.11929085806981354,0
DE,2048,0.11548511194944044,0
DE,4096,0.11522785239688682,0
DE,5000,0.11522785239688682,0
