alg,xval,yval,run
QNDE,1,0.1902572079098267,0
QNDE,2,0.1902572079098267,0
QNDE,4,0.1902572079098267,0
QNDE,8,0.1902572079098267,0
QNDE,16,0.1902572079098267,0
QNDE,32,0.1902572079098267,0
QNDE,64,0.1782480765303901,0
QNDE,128,0.15541049539779583,0
QNDE,256,0.15135358612296823,0
QNDE,512,0.13839627501206642,0
QNDE,1024,0.12368255432929165,0
QNDE,2048,0.1176693484852005,0
QNDE,4096,0.11743230951186456,0
QNDE,5000,0.11743230951186456,0
