alg,xval,yval,run
BFGS,1,0.24347884339306414,0
BFGS,2,0.2434788432872681,0
BFGS,4,0.2434788432872681,0
BFGS,8,0.2434788429736493,0
BFGS,16,0.23944754163318205,0
BFGS,32,0.22378375404183004,0
BFGS,64,0.1684822633790971,0
BFGS,128,0.15742790233920922,0
BFGS,256,0.1554768376467447,0
BFGS,512,0.1489430798290453,0
BFGS,1024,0.14875111224476323,0
BFGS,2048,0.14863605312639594,0
BFGS,4096,0.13397288535585583,0
BFGS,5000,0.13397288535585583,0
