alg,xval,yval,run
BFGS,1,0.19325250538347927,0
BFGS,2,0.19325250538347927,0
BFGS,4,0.19325250536772998,0
BFGS,8,0.19325250527437,0
BFGS,16,0.1929903932648751,0
BFGS,32,0.1919994310215828,0
BFGS,64,0.18320283525979741,0
BFGS,128,0.16713942511599966,0
BFGS,256,0.16188435583628902,0
BFGS,512,0.1486085945275588,0
BFGS,1024,0.1485881433398768,0
BFGS,2048,0.1485881433398768,0
BFGS,4096,0.13440398908734275,0
BFGS,5000,0.13440396846594693,0
