alg,xval,yval,run
QNDE,1,0.22433025258350991,0
QNDE,2,0.22433025258350991,0
QNDE,4,0.22433025258350991,0
QNDE,8,0.22433025258350991,0
QNDE,16,0.19350209702499654,0
QNDE,32,0.19350209702499654,0
QNDE,64,0.1759325658313935,0
QNDE,128,0.1759325658313935,0
QNDE,256,0.12486383852271399,0
QNDE,512,0.12486383852271399,0
QNDE,1024,0.11533952487752352,0
QNDE,2048,0.1117742549399191,0
QNDE,4096,0.11087681911970093,0
QNDE,5000,0.11087681911970093,0
