alg,xval,yval,run
QODE,1,0.3225512603097017,0
QODE,2,0.2582909846758501,0
QODE,4,0.2582909846758501,0
QODE,8,0.2425479854974606,0
QODE,16,0.23615122917706444,0
QODE,32,0.21060344058798752,0
QODE,64,0.2003394343844307,0
QODE,128,0.19110944530740204,0
QODE,256,0.15802503333454077,0
QODE,512,0.14143862177533295,0
QODE,1024,0.12383503241560911,0
QODE,2048,0.11815275859083474,0
QODE,4096,0.1156645938041776,0
QODE,5000,0.11501045521820841,0
