alg,xval,yval,run
BFGS,1,0.3012465006774985,0
BFGS,2,0.3012465005822824,0
BFGS,4,0.3012465005822824,0
BFGS,8,0.3012465005822824,0
BFGS,16,0.2952498910201051,0
BFGS,32,0.26742603120944597,0
BFGS,64,0.1993740332642795,0
BFGS,128,0.1862141923866495,0
BFGS,256,0.15737164609745125,0
BFGS,512,0.14592657557877808,0
BFGS,1024,0.13866153994039565,0
BFGS,2048,0.13670189787341758,0
BFGS,4096,0.1228226065905238,0
BFGS,5000,0.1228226065905238,0
