alg,xval,yval,run
DE,1,0.2869573956491869,0
DE,2,0.2869573956491869,0
DE,4,0.24616060078719038,0
DE,8,0.24616060078719038,0
DE,16,0.22461673154548756,0
DE,32,0.188493652780086,0
DE,64,0.16220074226625714,0
DE,128,0.15235157954542045,0
DE,256,0.14951343070252754,0
DE,512,0.13759444418046063,0
DE,1024,0.1294505033884591,0
DE,2048,0.12677625266808812,0
DE,4096,0.12639217608309894,0
DE,5000,0.12638466320420094,0
