alg,xval,yval,run
DE,1,0.27018627902582826,0
DE,2,0.26835878980902883,0
DE,4,0.20328504514929613,0
DE,8,0.20328504514929613,0
DE,16,0.20328504514929613,0
DE,32,0.19282462943448442,0
DE,64,0.16462116555117268,0
DE,128,0.1637678034760145,0
DE,256,0.14116191488982466,0
DE,512,0.12815913911000132,0
DE,1024,0.12528909593240833,0
DE,2048,0.11650920275139887,0
DE,4096,0.11461617791408973,0
DE,5000,0.11461617791408973,0
