alg,xval,yval,run
BFGS,1,0.26173639982990127,0
BFGS,2,0.26173639942898186,0
BFGS,4,0.26173639942898186,0
BFGS,8,0.26173639942898186,0
BFGS,16,0.25982644078941797,0
BFGS,32,0.2527506089901692,0
BFGS,64,0.22238259931542892,0
BFGS,128,0.200722172810183,0
BFGS,256,0.18276731346550523,0
BFGS,512,0.18167786546456688,0
BFGS,1024,0.18074940123109462,0
BFGS,2048,0.18074689624440266,0
BFGS,4096,0.17760126186371783,0
BFGS,5000,0.17760105148768135,0
