alg,xval,yval,run
CMA,1,0.24570329680048497,0
CMA,2,0.23389923779331723,0
CMA,4,0.2194894394071224,0
CMA,8,0.207729698575713,0
CMA,16,0.207729698575713,0
CMA,32,0.20183324207787112,0
CMA,64,0.19888454574283654,0
CMA,128,0.19466319031030666,0
CMA,256,0.1889470822259246,0
CMA,512,0.18001445180218523,0
CMA,1024,0.17951075283688056,0
CMA,2048,0.179503970083009,0
CMA,4096,0.17950395567834143,0
CMA,5000,0.17950395567834143,0
