alg,xval,yval,run
QODE,1,0.22638693015470257,0
QODE,2,0.22638693015470257,0
QODE,4,0.2204769911465111,0
QODE,8,0.2204769911465111,0
QODE,16,0.19943234181965086,0
QODE,32,0.17028694550964418,0
QODE,64,0.17028694550964418,0
QODE,128,0.16401906577173153,0
QODE,256,0.13182104116156745,0
QODE,512,0.1291659734827033,0
QODE,1024,0.11667998655002232,0
QODE,2048,0.11210931084172182,0
QODE,4096,0.11164586223899375,0
QODE,5000,0.11163949678286533,0
