alg,xval,yval,run
CMA,1,0.18865945346952084,0
CMA,2,0.18865945346952084,0
CMA,4,0.18865945346952084,0
CMA,8,0.18865945346952084,0
CMA,16,0.18044825750132765,0
CMA,32,0.14650231794243784,0
CMA,64,0.13087765431068998,0
CMA,128,0.12347549791627521,0
CMA,256,0.1200125614765366,0
CMA,512,0.11946561803730948,0
CMA,1024,0.11944881592516732,0
CMA,2048,0.11944881560623233,0
CMA,4096,0.11276133652977827,0
CMA,5000,0.11252917610112267,0
