alg,xval,yval,run
QODE,1,0.3088207377793527,0
QODE,2,0.25882873190646494,0
QODE,4,0.2555331668131474,0
QODE,8,0.2555331668131474,0
QODE,16,0.2400201150057244,0
QODE,32,0.18707671697829942,0
QODE,64,0.17936017134794435,0
QODE,128,0.1613763062969683,0
QODE,256,0.14382601926328054,0
QODE,512,0.13450822495020398,0
QODE,1024,0.12079432146969182,0
QODE,2048,0.1128345092979871,0
QODE,4096,0.1096175567847385,0
QODE,5000,0.10960880961278752,0
