alg,xval,yval,run
CMA,1,0.3115349867875963,0
CMA,2,0.24493140413192516,0
CMA,4,0.24054778974112445,0
CMA,8,0.24054778974112445,0
CMA,16,0.18072194844264844,0
CMA,32,0.17535402327180982,0
CMA,64,0.1549562923904183,0
CMA,128,0.13342392740429532,0
CMA,256,0.12268723729087117,0
CMA,512,0.11919859751606943,0
CMA,1024,0.11347305909937533,0
CMA,2048,0.11338777432779601,0
CMA,4096,0.11338776551410956,0
CMA,5000,0.11338776551410956,0
