alg,xval,yval,run
QNDE,1,0.3245233108387473,0
QNDE,2,0.24111652538834083,0
QNDE,4,0.24111652538834083,0
QNDE,8,0.24111652538834083,0
QNDE,16,0.19000310790765584,0
QNDE,32,0.19000310790765584,0
QNDE,64,0.17512889021639977,0
QNDE,128,0.17129337058680594,0
QNDE,256,0.1516598008237262,0
QNDE,512,0.1304079493355761,0
QNDE,1024,0.1263485236551959,0
QNDE,2048,0.11506010439464331,0
QNDE,4096,0.11412787454889595,0
QNDE,5000,0.11412787454889595,0
