alg,xval,yval,run
BFGS,1,0.22311439025051993,0
BFGS,2,0.22311439025051993,0
BFGS,4,0.22311439014160284,0
BFGS,8,0.2231143900866891,0
BFGS,16,0.22230051349830993,0
BFGS,32,0.21924453179498482,0
BFGS,64,0.18373087266612786,0
BFGS,128,0.1707993718881523,0
BFGS,256,0.14967285868123859,0
BFGS,512,0.14145305964440524,0
BFGS,1024,0.1409575476555044,0
BFGS,2048,0.14095671026926693,0
BFGS,4096,0.13130449277584788,0
BFGS,5000,0.13130449183013593,0
