alg,xval,yval,run
QNDE,1,0.32473704936619896,0
QNDE,2,0.24665945520621502,0
QNDE,4,0.24224658791225773,0
QNDE,8,0.24224658791225773,0
QNDE,16,0.21567476706506894,0
QNDE,32,0.21567476706506894,0
QNDE,64,0.21567476706506894,0
QNDE,128,0.18316703525793032,0
QNDE,256,0.17972072965131836,0
QNDE,512,0.15002836083814608,0
QNDE,1024,0.13663680999249006,0
QNDE,2048,0.12159916048719799,0
QNDE,4096,0.12072709104751433,0
QNDE,5000,0.12072709104751433,0
