alg,xval,yval,run
QNDE,1,0.37303071226967977,0
QNDE,2,0.2664731953253898,0
QNDE,4,0.2664731953253898,0
QNDE,8,0.21644956012795435,0
QNDE,16,0.21644956012795435,0
QNDE,32,0.19512778903938888,0
QNDE,64,0.19512778903938888,0
QNDE,128,0.18310809893496627,0
QNDE,256,0.1571658581827946,0
QNDE,512,0.13590625857879224,0
QNDE,1024,0.12431686643973783,0
QNDE,2048,0.11566996529141116,0
QNDE,4096,0.11566996529141116,0
QNDE,5000,0.11566996529141116,0
