alg,xval,yval,run
DE,1,0.2914603442753536,0
DE,2,0.2611634231670322,0
DE,4,0.22238210907602474,0
DE,8,0.22238210907602474,0
DE,16,0.22183614806795615,0
DE,32,0.22183614806795615,0
DE,64,0.21400950959143616,0
DE,128,0.21400950959143605,0
DE,256,0.20970609910679727,0
DE,512,0.19288481234654675,0
DE,1024,0.181758926856477,0
DE,2048,0.178550250703289,0
DE,4096,0.1784765433006419,0
DE,5000,0.17847602108923744,0
