alg,xval,yval,run
QNDE,1,0.17885039142195303,0
QNDE,2,0.17885039142195303,0
QNDE,4,0.17885039142195303,0
QNDE,8,0.17885039142195303,0
QNDE,16,0.17885039142195303,0
QNDE,32,0.17885039142195303,0
QNDE,64,0.17367834932827542,0
QNDE,128,0.17367834932827542,0
QNDE,256,0.14701924952510903,0
QNDE,512,0.13811787053712798,0
QNDE,1024,0.12473437767023565,0
QNDE,2048,0.11504505862431957,0
QNDE,4096,0.1126856765061689,0
QNDE,5000,0.1126856765061689,0
