alg,xval,yval,run
DE,1,0.3037691076972361,0
DE,2,0.3037691076972361,0
DE,4,0.23988321230771326,0
DE,8,0.22166220369448075,0
DE,16,0.2050782441217166,0
DE,32,0.2050782441217166,0
DE,64,0.2050782441217166,0
DE,128,0.17471966823707252,0
DE,256,0.1333007703874327,0
DE,512,0.13162235962429392,0
DE,1024,0.121309234946259,0
DE,2048,0.11695353330793457,0
DE,4096,0.1168594485293466,0
DE,5000,0.1168594485293466,0
