alg,xval,yval,run
QNDE,1,0.1946508255883035,0
QNDE,2,0.1946508255883035,0
QNDE,4,0.1946508255883035,0
QNDE,8,0.1946508255883035,0
QNDE,16,0.19454300813369862,0
QNDE,32,0.1573980762445506,0
QNDE,64,0.1573980762445506,0
QNDE,128,0.1573980762445506,0
QNDE,256,0.13531148651662628,0
QNDE,512,0.13505363779822066,0
QNDE,1024,0.12341501671059796,0
QNDE,2048,0.11929028906239192,0
QNDE,4096,0.11457294931357764,0
QNDE,5000,0.11457294931357764,0
