alg,xval,yval,run
QODE,1,0.3296271368594963,0
QODE,2,0.29799187690256246,0
QODE,4,0.24648655168376532,0
QODE,8,0.24648655168376532,0
QODE,16,0.22047405614064042,0
QODE,32,0.22047405614064042,0
QODE,64,0.20337192088987077,0
QODE,128,0.17399702292637698,0
QODE,256,0.14872290077005612,0
QODE,512,0.12649408104854465,0
QODE,1024,0.11924721880297362,0
QODE,2048,0.112140131864363,0
QODE,4096,0.11030968978060551,0
QODE,5000,0.1100674956389116,0
