alg,xval,yval,run
CMA,1,0.23712328896241386,0
CMA,2,0.23712328896241386,0
CMA,4,0.2007545886481822,0
CMA,8,0.2007545886481822,0
CMA,16,0.19000486349059753,0
CMA,32,0.1876816959312817,0
CMA,64,0.17136103291353233,0
CMA,128,0.16094270773659902,0
CMA,256,0.14469567844137088,0
CMA,512,0.13288295751674617,0
CMA,1024,0.13222840141405134,0
CMA,2048,0.1321364236540945,0
CMA,4096,0.13213636021815744,0
CMA,5000,0.13213636021815744,0
