alg,xval,yval,run
CMA,1,0.31391270189028764,0
CMA,2,0.2785236517030215,0
CMA,4,0.2785236517030215,0
CMA,8,0.2785236517030215,0
CMA,16,0.27442606630498523,0
CMA,32,0.2540960795712842,0
CMA,64,0.22943418271756455,0
CMA,128,0.20735366111752818,0
CMA,256,0.1945831584178045,0
CMA,512,0.18066853534333693,0
CMA,1024,0.1801294911352158,0
CMA,2048,0.18009263427078348,0
CMA,4096,0.18009262814653004,0
CMA,5000,0.18009262814653004,0
