alg,xval,yval,run
CMA,1,0.23858885666369367,0
CMA,2,0.23858885666369367,0
CMA,4,0.23858885666369367,0
CMA,8,0.23858885666369367,0
CMA,16,0.22023209218093043,0
CMA,32,0.20192603036243428,0
CMA,64,0.19175766963122953,0
CMA,128,0.1840390196698144,0
CMA,256,0.18287359640494072,0
CMA,512,0.18238575719748806,0
CMA,1024,0.18226584445988314,0
CMA,2048,0.1822650734713851,0
CMA,4096,0.18226507306055262,0
CMA,5000,0.18226507306055262,0
