alg,xval,yval,run
DE,1,0.31900923560861627,0
DE,2,0.29706708766158096,0
DE,4,0.22140729654143287,0
DE,8,0.17266063006333998,0
DE,16,0.17266063006333998,0
DE,32,0.17266063006333998,0
DE,64,0.17266063006333998,0
DE,128,0.1628425466268253,0
DE,256,0.1628425466268253,0
DE,512,0.14778579791657132,0
DE,1024,0.13371057931812036,0
DE,2048,0.12614425446590694,0
DE,4096,0.12283865967120189,0
DE,5000,0.12282415435182126,0
