alg,xval,yval,run
QODE,1,0.29939539671930415,0
QODE,2,0.29939539671930415,0
QODE,4,0.22084933114190264,0
QODE,8,0.21497314275765855,0
QODE,16,0.2096954567155278,0
QODE,32,0.19719063922799285,0
QODE,64,0.16716020939486864,0
QODE,128,0.16716020939486864,0
QODE,256,0.13339248791075142,0
QODE,512,0.12397704755552319,0
QODE,1024,0.11847354202886085,0
QODE,2048,0.11084336577782183,0
QODE,4096,0.11025863252899382,0
QODE,5000,0.11023160189806402,0
