alg,xval,yval,run
DE,1,0.34945096356878635,0
DE,2,0.2345841991672919,0
DE,4,0.18444300731806285,0
DE,8,0.18444300731806285,0
DE,16,0.18444300731806285,0
DE,32,0.18444300731806285,0
DE,64,0.1606247522427614,0
DE,128,0.15971156733625202,0
DE,256,0.14587361219996609,0
DE,512,0.13459813873378035,0
DE,1024,0.126981417224712,0
DE,2048,0.11132461173126151,0
DE,4096,0.11021165456197912,0
DE,5000,0.11013266890343065,0
