alg,xval,yval,run
QODE,1,0.2785233521188497,0
QODE,2,0.225518332929582,0
QODE,4,0.225518332929582,0
QODE,8,0.225518332929582,0
QODE,16,0.20838907004980323,0
QODE,32,0.19913555774540082,0
QODE,64,0.1726330637438659,0
QODE,128,0.1583366670562496,0
QODE,256,0.1583366670562496,0
QODE,512,0.13123707970024334,0
QODE,1024,0.12378954071102677,0
QODE,2048,0.11953223097641419,0
QODE,4096,0.11820634481712577,0
QODE,5000,0.11820634481712577,0
