alg,xval,yval,run
DE,1,0.19657230475886034,0
DE,2,0.19657230475886034,0
DE,4,0.19657230475886034,0
DE,8,0.19657230475886034,0
DE,16,0.1929312261649312,0
DE,32,0.18777734633523357,0
DE,64,0.16770674761028015,0
DE,128,0.15829504164828512,0
DE,256,0.12315688583335871,0
DE,512,0.12315688583335871,0
DE,1024,0.11383576387453653,0
DE,2048,0.11179791642922743,0
DE,4096,0.11179791642922743,0
DE,5000,0.11179791642922743,0
