alg,xval,yval,run
QODE,1,0.2818671127921104,0
QODE,2,0.24800049740132923,0
QODE,4,0.1804352631796018,0
QODE,8,0.1804352631796018,0
QODE,16,0.17486636521106824,0
QODE,32,0.17486636521106824,0
QODE,64,0.16519762469870736,0
QODE,128,0.1572451597606156,0
QODE,256,0.1572451597606156,0
QODE,512,0.14268544152962714,0
QODE,1024,0.1229844317243397,0
QODE,2048,0.11530211718379857,0
QODE,4096,0.11276471305243707,0
QODE,5000,0.11276471305243707,0
