alg,xval,yval,run
CMA,1,0.25015996672937735,0
CMA,2,0.25015996672937735,0
CMA,4,0.2344280927362199,0
CMA,8,0.20863834835258876,0
CMA,16,0.19183973001337928,0
CMA,32,0.1645452492901729,0
CMA,64,0.1599139086630369,0
CMA,128,0.1574938452686,0
CMA,256,0.1543278147656879,0
CMA,512,0.14427932829070933,0
CMA,1024,0.14261335538914066,0
CMA,2000,0.14260858274631738,0
