{
	"version": "0.3.18", 
	"suite": "unknown_suite", 
	"function_id": 1121, 
	"function_name": "huge_photovoltaic", 
	"maximization": false, 
	"algorithm": {"name": "best_alg1_HSBO", "info": "algorithm_info"},
	"attributes": ["evaluations", "raw_y"],
	"scenarios": [
		{"dimension": 32,
		"path": "data_f1121_huge_photovoltaic/IOHprofiler_f1121_DIM32.dat",
		"runs": [
			{"instance": 1, "evals": 16000, "best": {"evals": 15992, "y": 0.12913896631852761, "x": [102.89942293247961, 249.99787510990456, 200.33875992512492, 176.7548313708373, 30.130506454757843, 174.5230190414564, 180.07302159882204, 140.19836725638774, 175.22588243772856, 168.87239475218982, 44.85440263986253, 47.57238477384192, 30.927462151600437, 249.99233953367136, 195.73329536252453, 156.69988284798615, 222.97545051959315, 35.28941196780751, 30.571935750925576, 249.98697750389408, 30.000316910093588, 41.09912728608859, 221.20155962542094, 169.1600894900413, 197.3135423910774, 147.57038792392765, 170.26431670881192, 158.8226889172823, 47.028665798160134, 160.92810461590412, 99.85206261375285, 73.28820275838291]}},
			{"instance": 1, "evals": 16000, "best": {"evals": 15712, "y": 0.1297451194449203, "x": [81.37770823547571, 103.48207262456776, 153.49551001546808, 126.82766039193808, 147.34837795374017, 129.41783767279878, 190.92933230294057, 30.004321445648316, 191.82261910508475, 134.15600948164453, 171.74365767574017, 168.7691193733011, 30, 171.6916187626656, 176.53631001556403, 137.13090498441437, 160.6953010617304, 134.6555328446089, 173.31863786410037, 154.1319839619688, 198.8852726687291, 148.39466320028976, 162.03625856612382, 125.44536217709474, 153.21812000547527, 124.54346945209103, 145.1773491612446, 130.0466396345755, 184.66622503006548, 250, 129.1226719359282, 70.86022741159141]}},
			{"instance": 1, "evals": 16000, "best": {"evals": 15943, "y": 0.11531691334547423, "x": [95.65725655773689, 148.63217464878028, 192.05564023172064, 146.0044345131329, 165.64856035692827, 132.55432734435595, 162.760897258056, 141.549166452713, 185.2677157629197, 152.559881956251, 181.7863425735785, 146.94141504581873, 204.74365485266668, 35.912029935668116, 32.9660242187401, 172.90514496352654, 170.0594635252503, 128.25357998241623, 148.43059371514153, 122.34969092274207, 153.98004373615504, 124.34357647432694, 164.87464643405147, 149.1657548548394, 196.4588971047725, 150.32805061737358, 167.12173330380423, 125.32826443593919, 143.92864339540904, 131.06621361017534, 96.60091636134692, 71.15440783698054]}},
			{"instance": 1, "evals": 16000, "best": {"evals": 15933, "y": 0.14953767057604783, "x": [105.36791731108963, 184.98649377699377, 30.016998701070754, 180.13070732324678, 197.58768030005479, 56.372478484225795, 48.26553239833535, 30.028577992388772, 100.28707216381878, 168.0202059023468, 84.5092307231598, 30.033881340978876, 42.9407329211736, 92.6861140961568, 30.20154529200115, 34.07795150079947, 231.64734847304004, 164.22853259676367, 202.54962717191023, 213.405410972099, 30.000233736101798, 190.18837270574545, 177.41069317637843, 142.85186619784622, 206.2303785263622, 51.11261439495628, 30.114215379295686, 249.9313688130267, 248.98543444109464, 156.08556888653976, 103.93315397523, 74.87994547376925]}},
			{"instance": 1, "evals": 16000, "best": {"evals": 15870, "y": 0.15431661489596515, "x": [249.99899652651828, 154.34569611253795, 175.62382433800593, 151.88566726082306, 232.815178379831, 30.01495068569556, 35.308660617612105, 197.4322411413314, 30.011358774365533, 183.29432102577067, 192.8698864802974, 156.66777846869255, 192.76825576217885, 154.52009805350383, 195.98488772365698, 183.0429202786975, 38.77194764207414, 31.2820267885538, 225.22433613410206, 151.82901675243158, 209.60439057651075, 30.04920144295653, 206.87719714910583, 148.3914315775057, 201.02017557953644, 179.2987677341174, 208.3781227313985, 41.26081443538163, 30.000006912305714, 250, 118.3625496540943, 72.42663593934397]}},
			{"instance": 1, "evals": 16000, "best": {"evals": 15617, "y": 0.16581594600838956, "x": [84.53741296087247, 103.87195562686888, 163.28215958145566, 132.12872406512284, 166.65850016803014, 145.1088663882374, 186.72492713686785, 147.13295429412526, 165.45110587794358, 126.88840521455946, 151.83181580223862, 124.04308462444105, 146.2794933009622, 120.8582091330427, 154.9076516614676, 151.57868038917093, 30, 151.26427560726216, 159.0266061908925, 124.48102881315046, 163.73529994908858, 148.34083210280275, 201.25254073070172, 150.17854061616447, 162.76064581242025, 125.34177016276814, 146.54294079076993, 125.30724945824187, 141.72668800173741, 122.01214174342826, 151.94102280057697, 242.89065639993234]}},
			{"instance": 1, "evals": 16000, "best": {"evals": 15675, "y": 0.1072956059715795, "x": [85.82299907114725, 97.02454241973157, 162.15434633368892, 123.63072079243298, 147.86506282005269, 120.57068642675388, 148.42932490305873, 117.7933617540277, 146.770288623935, 119.74438765861377, 144.96415002941987, 120.51159282184915, 151.16791216200227, 149.1453751464696, 31.574082041614915, 152.2401443281458, 152.63729329857068, 122.17202833718325, 154.00431006752547, 126.27662357420834, 170.63888703721165, 156.39536039318943, 190.40019198469204, 140.59117063057246, 162.05891088845902, 119.80375372267403, 151.82791445775837, 122.49561690858509, 137.99998409828848, 130.4728659946411, 94.49536705166791, 71.38949898579625]}},
			{"instance": 1, "evals": 16000, "best": {"evals": 15883, "y": 0.11397074718035372, "x": [98.45358107085909, 161.5190848299495, 200.90288706085704, 144.9138944312782, 161.71298885274393, 135.261745737683, 193.55206704681044, 39.45581177276115, 30.07214275853204, 178.93313354517062, 169.11384120486474, 123.29862274255595, 144.69754683487295, 123.31044902906662, 142.80389403265644, 120.58464802900349, 144.7369513104876, 120.18482950007406, 145.28005544186442, 123.08956455186072, 152.53500643933057, 133.72276963987238, 177.2144623072681, 161.23498026527892, 185.04418772711114, 132.51270260803892, 154.39919029651915, 124.10538084043975, 140.54652601733085, 130.61104533785675, 95.65447175194495, 71.45984948813442]}},
			{"instance": 1, "evals": 16000, "best": {"evals": 15958, "y": 0.10762164760213122, "x": [84.13156276963412, 93.12896800730034, 161.5201891861703, 125.34500971025481, 184.70622788454108, 30.101538373938013, 183.90902577455623, 123.52398868237805, 144.06624911851765, 121.51204486897117, 141.5480115478278, 118.42999730547436, 147.79424494462066, 117.07491960495304, 147.62518439844882, 121.37437575826242, 150.3662734892619, 127.02996925474898, 171.86844905345487, 151.7045994353244, 187.35940420877913, 137.01708097720922, 154.96962988619876, 125.66473191925579, 147.0405467253373, 120.74669276940782, 143.68198742406562, 122.67400278536402, 136.2138079976877, 128.96241157503292, 92.96124043970124, 71.55493534976361]}},
			{"instance": 1, "evals": 16000, "best": {"evals": 15948, "y": 0.16715401609358238, "x": [249.99981187109273, 180.10753836655252, 30.73135505626994, 158.80486682605175, 157.47472035913813, 122.81359410338953, 148.99398193951924, 135.34890593295833, 201.8853941735103, 38.676215700350696, 34.52919661552997, 177.98273520839635, 181.1503390441373, 148.0939389672328, 195.21692016633622, 150.33842652483895, 167.47495829594462, 135.51266571986542, 181.35738137425415, 249.99988297834818, 176.3086423395315, 126.41553363375587, 149.34727321485252, 122.12099049876394, 152.45827626093552, 149.06585749953751, 31.65756760329216, 154.531475401955, 166.29028646555508, 162.8582891508894, 249.99174187887144, 76.2993664134539]}},
			{"instance": 1, "evals": 16000, "best": {"evals": 15976, "y": 0.11466816018823234,