{
	"version": "0.3.18", 
	"suite": "unknown_suite", 
	"function_id": 1121, 
	"function_name": "huge_photovoltaic", 
	"maximization": false, 
	"algorithm": {"name": "best_alg2_HSBO", "info": "algorithm_info"},
	"attributes": ["evaluations", "raw_y"],
	"scenarios": [
		{"dimension": 32,
		"path": "data_f1121_huge_photovoltaic/IOHprofiler_f1121_DIM32.dat",
		"runs": [
			{"instance": 1, "evals": 16000, "best": {"evals": 15429, "y": 0.11566466163492772, "x": [84.25854012111802, 106.89472484547024, 170.2751129707441, 145.6893721345591, 191.49705119118477, 153.8557189357849, 170.5758064487992, 128.14965994238233, 154.96061700378655, 120.98990960239479, 149.32960026041027, 122.13637750403439, 146.44111690605348, 123.62929480118353, 151.39195634397453, 126.04808065375883, 166.3559300958597, 148.37005728048976, 187.6900092283584, 145.11240336558592, 161.93203759331803, 127.05147736769152, 154.06295366162428, 125.12476157620151, 155.59890327092802, 138.34097602332315, 197.73507150973768, 171.70927863457683, 177.04914515819692, 138.23654693193558, 100.12274885344044, 72.46603027765482]}},
			{"instance": 1, "evals": 16000, "best": {"evals": 15892, "y": 0.11280902391282832, "x": [90.37073803607257, 81.32045820710456, 164.9005141158392, 119.10419556504309, 151.85938238479224, 116.96107510716136, 147.58317227708216, 125.80427821359959, 136.3439959674887, 131.87502378336458, 175.56073355259048, 249.9970474620004, 178.61885458472614, 126.82758940934613, 154.79377320587318, 127.87769933067733, 164.73429332039166, 145.73388916606197, 193.99570942875627, 157.46578000301767, 187.73074366110686, 154.1794573696685, 190.35357750245538, 150.0924647941885, 171.16549574027573, 125.49979289166134, 155.25918581653747, 124.94340617889182, 137.4255474607163, 130.97779016656943, 95.1219391689781, 71.7230176532091]}},
			{"instance": 1, "evals": 16000, "best": {"evals": 15886, "y": 0.11496753537868454, "x": [100.68119873598386, 249.98506134430298, 182.7211907950222, 129.78793382147725, 158.798924034977, 134.64968335971008, 182.8600074937241, 160.17792657546215, 185.59461947085117, 136.9552302226595, 157.54538229514438, 128.43106228534137, 156.57443785926577, 139.08834173006892, 186.8377114981986, 161.3087862680614, 179.08769185390696, 129.01467212428102, 153.89292509994044, 117.96685419457127, 149.95552533221945, 120.07561392686054, 141.58848700754703, 124.17520572381895, 140.97514433194547, 146.38774909974245, 67.46906516520556, 144.1202142566326, 138.07835312627725, 127.87351115411377, 92.97496015042752, 72.02218710341884]}},
			{"instance": 1, "evals": 16000, "best": {"evals": 15917, "y": 0.17526697852314432, "x": [112.25532202425345, 60.63099813677596, 30, 179.7876668590419, 169.94344591304238, 128.2405141858049, 167.0917794885143, 169.04878533026542, 30, 177.60224839845654, 194.64531524770933, 158.0829890859472, 190.88876889631206, 156.57689457387187, 198.10840225375173, 159.76566592486233, 191.14087575757387, 158.1421683731498, 199.53033265391133, 160.07910377560125, 186.94591093153795, 172.4086013648926, 30.000998363770783, 170.7650423255683, 192.13236175311698, 170.05508803836298, 197.30776532497123, 139.6720826402604, 155.87254822972835, 123.41368517186689, 160.43627113999855, 243.00053437202337]}},
			{"instance": 1, "evals": 16000, "best": {"evals": 15612, "y": 0.11828394640889706, "x": [86.89946623292175, 106.14800209235403, 175.46089773854737, 145.11947990607106, 182.70619589882392, 151.1230824303904, 175.5278159662423, 138.66446845246364, 172.16820378311323, 144.3325263134729, 187.71493002922352, 155.99243501021215, 190.09395305887864, 175.2620593834535, 30.002358762460595, 173.83375214337167, 184.4974013801458, 152.39508732877408, 191.80049398049556, 180.2982015682492, 30.041006494495257, 200.30970393065468, 30, 172.81234697881095, 175.59254484799465, 150.41420038718087, 221.86440300627373, 165.64336018536972, 169.87620006910865, 137.20937571307337, 99.94333802540521, 72.68624987947689]}},
			{"instance": 1, "evals": 16000, "best": {"evals": 15972, "y": 0.11559189915254886, "x": [83.06988287066922, 100.6015333595789, 158.90940804573722, 123.98934947624062, 155.84875440675376, 156.3153127895642, 30.453679665947448, 156.89273613543887, 161.92929559276251, 134.56304187067695, 175.33246580586598, 150.6932907542556, 181.72664046861746, 137.65498516132692, 159.13822944036878, 127.75339189629307, 155.04058265798653, 128.52062598329368, 165.39769079258755, 147.70700317876384, 191.89503336732326, 152.46681807100902, 168.61280111377116, 130.43783106577706, 160.62561873760146, 139.15987997778808, 195.44860343658436, 174.5106032674853, 181.46628706372474, 139.94872224548357, 98.6494865777367, 73.00103525806908]}},
			{"instance": 1, "evals": 16000, "best": {"evals": 15699, "y": 0.17795328235339591, "x": [98.15522642913785, 153.4785607088104, 201.70072766212695, 153.34114698019107, 184.86294755025426, 173.75154226624988, 30.032687616115787, 170.82469315468086, 172.11261037539174, 133.33506420913415, 168.83713648310862, 163.45521798160397, 30.037937795593344, 168.77179431462775, 181.65618600136276, 157.21912603416024, 195.72101142063718, 149.88972003142786, 166.74665891003494, 134.85902798486754, 167.06850468361367, 151.24703958373323, 202.66860477810542, 158.49322009208134, 178.39181209857222, 164.4957706322425, 41.937333392665764, 167.81061244072026, 76.56365431179447, 30, 30, 238.26925675166575]}},
			{"instance": 1, "evals": 16000, "best": {"evals": 15455, "y": 0.17049450087165963, "x": [91.51742493862987, 140.86640454145873, 196.7620840840376, 151.5317101133325, 180.1040595606288, 168.45451275251787, 30.108378872372967, 171.75435824124162, 189.08952324964432, 155.46997338950098, 193.35232383778117, 151.9939855770343, 184.7827942677187, 156.2825022074558, 188.8814620148274, 145.40066626611312, 164.38859297264426, 131.58695053384957, 156.3538096635823, 131.7601647910971, 171.16744055348906, 154.13573347866756, 196.87617079827527, 146.30407198669042, 160.7745236365377, 125.51185025818609, 149.3304011253772, 123.0059719727219, 143.49211382717522, 121.59755155138488, 154.44497759432778, 241.09338779375742]}},
			{"instance": 1, "evals": 16000, "best": {"evals": 15927, "y": 0.14293834539719952, "x": [103.8673761195872, 249.99462059343765, 193.38839528470652, 156.06458023648867, 222.59332950426892, 33.97654397305487, 30.113836823512443, 95.7149877434408, 43.339213887068425, 30.987230714348694, 79.07628843381288, 161.05414948946273, 188.46818130649723, 156.5564814520709, 195.3745695791632, 174.75455081702827, 32.27111075025561, 167.84360701980017, 180.28412225049618, 190.86492524013545, 30.06178411541383, 41.770339372900224, 194.2849080789117, 135.59989739258634, 186.4621438017431, 250, 187.37937313038782, 155.45695683403372, 69.55231869902394, 30.004818978663607, 209.4629205278162, 72.7228729624955]}},
			{"instance": 1, "evals": 16000, "best": {"evals": 15633, "y": 0.1660402190069452, "x": [85.88834863572305, 107.4613803673822, 169.9526249482518, 163.04679908372106, 30.11966188102343, 159.96850616641973, 162.38664691567064, 125.88198934361893, 154.20403472268856, 125.91160260819747, 152.45475737464304, 128.22306801917796, 165.39680325102273, 141.54332931837646, 183.49966626088178, 147.2906370224077, 167.5157917083542, 128.7483011381497, 149.06969087627382, 128.07502711937664, 138.1153500519924, 124.45022761742564, 144.88818278582417, 118.7523018777996, 145.60488595459515, 120.14187707918215, 140.5358184200772, 121.79799104848209, 143.9977164349537, 117.86670180429915, 155.2698315161855, 240.26357380223533]}},
			{"instance": 1, "evals": 16000, "best": {"evals": 15647, "y": 0.14472856466516304,